{"stats":{"minecraft:crafted":{"variantvanillablocks:spruce_chest":1,"variantvanillablocks:spruce_crafting_table":1,"minecraft:spruce_planks":200,"minecraft:stick":4,"minecraft:wooden_axe":2},"minecraft:used":{"variantvanillablocks:spruce_crafting_table":1,"minecraft:wooden_axe":55,"variantvanillablocks:spruce_chest":1},"minecraft:picked_up":{"minecraft:stick":4,"minecraft:spruce_sapling":20,"minecraft:spruce_log":50},"minecraft:mined":{"minecraft:spruce_leaves":1,"minecraft:spruce_log":51},"minecraft:custom":{"minecraft:open_chest":1,"minecraft:time_since_rest":8451,"minecraft:sprint_one_cm":8316,"minecraft:play_time":8451,"minecraft:walk_one_cm":12494,"minecraft:sneak_time":9,"minecraft:jump":34,"minecraft:leave_game":2,"minecraft:time_since_death":8451,"minecraft:total_world_time":8451,"minecraft:interact_with_crafting_table":2,"minecraft:fly_one_cm":4042}},"DataVersion":3465}