{"stats":{"minecraft:custom":{"minecraft:jump":40,"minecraft:time_since_rest":3239,"minecraft:crouch_one_cm":83,"minecraft:leave_game":1,"minecraft:sprint_one_cm":4763,"minecraft:play_time":3239,"minecraft:damage_taken":190,"minecraft:time_since_death":3239,"minecraft:walk_one_cm":2057,"minecraft:sneak_time":25,"minecraft:total_world_time":3239,"minecraft:fly_one_cm":11275},"minecraft:picked_up":{"minecraft:snowball":1,"minecraft:coal":6,"minecraft:dirt":123,"minecraft:cobblestone":45},"minecraft:used":{"minecraft:flint_and_steel":7,"minecraft:tnt":17},"minecraft:mined":{"minecraft:powder_snow":2,"minecraft:dirt":9}},"DataVersion":3465}