{"stats":{"minecraft:dropped":{"minecraft:porkchop":1,"minecraft:wheat_seeds":1,"minecraft:apple":2,"minecraft:acacia_sapling":8,"minecraft:string":2,"minecraft:white_wool":2,"minecraft:black_wool":1},"minecraft:custom":{"minecraft:interact_with_furnace":34,"minecraft:mob_kills":23,"minecraft:interact_with_crafting_table":20,"minecraft:leave_game":4,"minecraft:time_since_death":81719,"minecraft:sleep_in_bed":10,"minecraft:time_since_rest":313,"minecraft:sprint_one_cm":172433,"minecraft:damage_taken":2041,"minecraft:walk_one_cm":244572,"minecraft:drop":7,"minecraft:damage_dealt":3499,"minecraft:swim_one_cm":5522,"minecraft:fly_one_cm":185107,"minecraft:open_chest":4,"minecraft:play_time":106260,"minecraft:crouch_one_cm":24441,"tombstone:undead_killed":2,"minecraft:deaths":3,"minecraft:sneak_time":8207,"minecraft:walk_under_water_one_cm":971,"minecraft:jump":1239,"minecraft:interact_with_brewingstand":1,"minecraft:walk_on_water_one_cm":2559,"minecraft:total_world_time":106260,"minecraft:fall_one_cm":42469},"minecraft:used":{"minecraft:cooked_mutton":8,"minecraft:stone_pickaxe":37,"minecraft:oak_planks":192,"duneons:windhole":1,"minecraft:wooden_pickaxe":4,"duneons:windorangebannerwood":1,"minecraft:iron_chestplate":1,"minecraft:torch":7,"minecraft:dirt":31,"variantvanillablocks:birch_crafting_table":4,"minecraft:acacia_sapling":4,"minecraft:oak_log":3,"minecraft:wooden_axe":39,"minecraft:iron_axe":307,"minecraft:iron_pickaxe":229,"minecraft:iron_helmet":1,"minecraft:iron_boots":1,"minecraft:cobblestone":105,"minecraft:furnace":4,"minecraft:oak_sapling":9,"minecraft:cooked_porkchop":9,"minecraft:gray_bed":5,"minecraft:acacia_planks":254,"minecraft:acacia_wood":3,"tombstone:gift":2,"alexsmobs:animal_dictionary":2,"minecraft:iron_leggings":1},"minecraft:mined":{"minecraft:acacia_log":89,"minecraft:emerald_ore":1,"minecraft:grass_block":25,"duneons:sanctumstonepatternedgildedtop":1,"duneons:windorangebannerwood":1,"minecraft:tall_grass":1,"minecraft:cobblestone":20,"minecraft:acacia_slab":2,"minecraft:oak_planks":33,"minecraft:wall_torch":1,"minecraft:furnace":3,"minecraft:birch_log":4,"minecraft:iron_ore":74,"minecraft:acacia_wood":3,"minecraft:gray_bed":4,"duneons:windhole":3,"variantvanillablocks:birch_crafting_table":3,"minecraft:grass":31,"minecraft:oak_log":49,"minecraft:coal_ore":57,"minecraft:dirt_path":2,"duneons:sanctumstone":1,"minecraft:dirt":6,"minecraft:acacia_planks":13,"minecraft:stone":103,"duneons:goldwindhole":2,"minecraft:oak_leaves":2},"minecraft:picked_up":{"minecraft:birch_log":4,"duneons:windorangebannerwood":1,"duneons:sanctumstone":1,"minecraft:acacia_wood":3,"minecraft:oak_log":48,"minecraft:dirt":30,"duneons:windhole":3,"minecraft:string":2,"duneons:coin":2,"minecraft:acacia_planks":1,"variantvanillablocks:birch_crafting_table":3,"minecraft:wheat_seeds":1,"duneons:smallbow":1,"minecraft:gray_bed":4,"minecraft:acacia_sapling":22,"minecraft:oak_planks":28,"minecraft:furnace":3,"minecraft:stick":15,"minecraft:raw_iron":124,"minecraft:torch":1,"minecraft:acacia_log":64,"minecraft:porkchop":12,"duneons:sanctumstonepatternedgildedtop":1,"duneons:featherblue":1,"minecraft:gray_wool":3,"minecraft:emerald":1,"alexsmobs:maggot":2,"minecraft:oak_sapling":9,"minecraft:mutton":8,"minecraft:black_wool":1,"minecraft:coal":91,"minecraft:white_wool":2,"minecraft:cobblestone":126,"duneons:goldwindhole":2},"minecraft:broken":{"minecraft:iron_axe":1},"minecraft:killed":{"minecraft:pig":6,"minecraft:spider":1,"alexsmobs:rhinoceros":1,"duneons:mountaineer":6,"minecraft:sheep":6,"minecraft:zombie":2,"duneons:pigchest":1},"minecraft:crafted":{"minecraft:oak_planks":180,"moonsweaponry:wooden_mace":1,"minecraft:cooked_porkchop":11,"minecraft:wooden_pickaxe":1,"minecraft:iron_helmet":1,"minecraft:furnace":2,"minecraft:birch_planks":16,"minecraft:stone_axe":1,"minecraft:cooked_mutton":8,"minecraft:iron_boots":1,"minecraft:iron_chestplate":1,"minecraft:shield":1,"minecraft:iron_axe":2,"minecraft:stick":20,"minecraft:iron_ingot":74,"minecraft:iron_pickaxe":2,"minecraft:stone_pickaxe":1,"minecraft:wooden_axe":1,"minecraft:iron_leggings":1,"variantvanillablocks:birch_crafting_table":1,"minecraft:acacia_planks":256,"minecraft:torch":24,"minecraft:gray_bed":1},"minecraft:killed_by":{"man:managgresive":1,"minecraft:skeleton":1,"minecraft:creeper":1}},"DataVersion":3465}