{"stats":{"minecraft:broken":{"minecraft:stone_axe":5},"minecraft:killed":{"minecraft:pig":4,"minecraft:sheep":1,"minecraft:cow":4},"minecraft:dropped":{"minecraft:bread":1,"minecraft:iron_ingot":7,"minecraft:wheat_seeds":8,"minecraft:cooked_beef":1,"minecraft:cooked_porkchop":3,"minecraft:cobblestone":8,"minecraft:lead":1,"minecraft:leather":3,"minecraft:dirt":86,"tombstone:grave_dust":1,"minecraft:stone_axe":2,"minecraft:sweet_berries":9,"minecraft:coarse_dirt":10,"minecraft:torchflower_seeds":3,"minecraft:spruce_planks":16,"minecraft:spruce_log":68},"minecraft:used":{"minecraft:flint_and_steel":12,"minecraft:stone_shovel":112,"minecraft:spruce_slab":40,"minecraft:spruce_planks":518,"travelersbackpack:black_sleeping_bag":1,"minecraft:grass":3,"minecraft:stone_hoe":93,"minecraft:iron_chestplate":1,"minecraft:spruce_leaves":122,"minecraft:torch":39,"minecraft:dirt":16,"minecraft:carrot":23,"minecraft:spruce_fence":38,"minecraft:fern":25,"minecraft:spruce_boat":1,"variantvanillablocks:spruce_crafting_table":1,"minecraft:wooden_axe":3,"minecraft:sweet_berries":67,"minecraft:cooked_cod":1,"tombstone:gift":2,"minecraft:potato":22,"minecraft:cooked_beef":8,"minecraft:wheat_seeds":226,"minecraft:water_bucket":10,"minecraft:damaged_anvil":1,"minecraft:torchflower":4,"minecraft:stone_pickaxe":137,"minecraft:leather_chestplate":1,"minecraft:wooden_pickaxe":13,"minecraft:composter":3,"minecraft:glow_berries":2,"minecraft:white_bed":2,"minecraft:campfire":1,"minecraft:shears":139,"minecraft:spruce_log":23,"tombstone:bag_of_seeds":1,"minecraft:bread":4,"minecraft:spruce_sapling":22,"minecraft:gravel":2,"minecraft:stone_axe":776,"minecraft:torchflower_seeds":9,"minecraft:fishing_rod":27,"minecraft:cobblestone":12,"minecraft:cooked_porkchop":1,"minecraft:bucket":11,"minecraft:bone_meal":56},"minecraft:mined":{"minecraft:spruce_planks":147,"minecraft:spruce_fence":7,"minecraft:spruce_leaves":138,"minecraft:composter":2,"minecraft:large_fern":41,"minecraft:tall_seagrass":1,"minecraft:carrots":1,"minecraft:potatoes":6,"minecraft:flowering_azalea_leaves":2,"minecraft:azalea_leaves":3,"minecraft:stone":45,"minecraft:spruce_slab":17,"minecraft:podzol":61,"minecraft:torch":7,"minecraft:dead_bush":3,"minecraft:wall_torch":4,"minecraft:coarse_dirt":5,"minecraft:wheat":115,"minecraft:sweet_berry_bush":42,"minecraft:torchflower":4,"minecraft:spruce_log":456,"minecraft:grass":40,"minecraft:gravel":4,"minecraft:dirt":10,"minecraft:fern":152},"minecraft:crafted":{"minecraft:black_dye":1,"minecraft:stone_shovel":1,"minecraft:fishing_rod":2,"minecraft:bone_meal":48,"minecraft:spruce_fence":21,"minecraft:flint_and_steel":1,"travelersbackpack:white_sleeping_bag":1,"minecraft:spruce_slab":6,"minecraft:stone_pickaxe":1,"minecraft:stone_hoe":1,"minecraft:cooked_beef":9,"minecraft:cooked_cod":10,"minecraft:cooked_porkchop":3,"variantvanillablocks:spruce_crafting_table":1,"minecraft:spruce_planks":536,"minecraft:wooden_pickaxe":1,"minecraft:cooked_salmon":1,"travelersbackpack:black_sleeping_bag":1,"minecraft:bucket":2,"minecraft:campfire":1,"minecraft:stone_axe":5,"minecraft:bread":24,"minecraft:iron_chestplate":1,"minecraft:charcoal":54,"minecraft:stick":72,"minecraft:iron_ingot":43,"minecraft:wooden_axe":1,"minecraft:composter":2,"minecraft:torch":64,"minecraft:shears":1},"minecraft:killed_by":{"man:managgresive":1,"siren_head:siren_head_crawl_had_to_make_seprate_entity_for_this_ver":1},"minecraft:custom":{"minecraft:mob_kills":9,"minecraft:interact_with_crafting_table":64,"minecraft:eat_cake_slice":1,"minecraft:leave_game":3,"minecraft:time_since_death":205915,"minecraft:sprint_one_cm":210079,"minecraft:walk_one_cm":767155,"minecraft:drop":24,"minecraft:play_time":219829,"minecraft:deaths":2,"minecraft:sneak_time":8190,"minecraft:walk_under_water_one_cm":60053,"minecraft:jump":987,"minecraft:walk_on_water_one_cm":42355,"minecraft:total_world_time":219829,"minecraft:interact_with_furnace":49,"minecraft:sleep_in_bed":11,"minecraft:time_since_rest":10382,"minecraft:damage_taken":1650,"minecraft:damage_dealt":1381,"minecraft:swim_one_cm":50270,"minecraft:fly_one_cm":95195,"minecraft:player_kills":2,"minecraft:open_chest":71,"minecraft:crouch_one_cm":18473,"minecraft:fish_caught":13,"minecraft:fall_one_cm":15062},"minecraft:picked_up":{"minecraft:spruce_leaves":122,"minecraft:coarse_dirt":10,"minecraft:wheat":68,"minecraft:smithing_table":1,"minecraft:lead":1,"minecraft:wither_rose":1,"minecraft:enchanted_book":3,"minecraft:pufferfish":1,"minecraft:spruce_planks":50,"minecraft:beef":9,"minecraft:spruce_slab":45,"minecraft:coal_block":2,"minecraft:stick":22,"minecraft:jukebox":1,"minecraft:composter":1,"minecraft:birch_trapdoor":1,"minecraft:torch":11,"minecraft:spruce_fence":17,"minecraft:porkchop":7,"minecraft:carrot":23,"minecraft:cauldron":2,"minecraft:saddle":1,"minecraft:glistering_melon_slice":14,"minecraft:mutton":2,"minecraft:cod":10,"minecraft:white_wool":1,"minecraft:cobblestone":42,"minecraft:water_bucket":1,"minecraft:salmon":2,"minecraft:leather":4,"minecraft:fern":25,"minecraft:potato":22,"minecraft:torchflower":4,"alexsmobs:cachalot_whale_tooth":2,"minecraft:flint":1,"minecraft:dirt":102,"minecraft:bone":5,"minecraft:gray_carpet":1,"minecraft:wheat_seeds":262,"minecraft:iron_ingot":33,"minecraft:book":150,"minecraft:cooked_porkchop":1,"minecraft:sweet_berries":144,"minecraft:torchflower_seeds":3,"minecraft:gravel":3,"minecraft:spruce_sapling":18,"minecraft:ink_sac":4,"minecraft:white_bed":2,"minecraft:spruce_log":324,"minecraft:stone_axe":1,"minecraft:grass":3,"minecraft:bone_meal":8,"minecraft:bread":23,"minecraft:damaged_anvil":1,"minecraft:coal":56}},"DataVersion":3465}