{"stats":{"minecraft:mined":{"minecraft:brown_mushroom":1,"minecraft:smoker":1,"minecraft:smooth_sandstone":1,"minecraft:spruce_fence":2,"minecraft:dead_bush":1,"minecraft:tall_grass":13,"minecraft:smooth_sandstone_slab":1,"minecraft:blue_bed":1,"minecraft:spruce_log":1,"minecraft:pumpkin":2,"minecraft:stone_brick_stairs":1,"minecraft:grass":11,"minecraft:mossy_stone_brick_stairs":1,"minecraft:bookshelf":15,"minecraft:lantern":1,"variantvanillablocks:spruce_crafting_table":1,"minecraft:gravel":1,"minecraft:smooth_sandstone_stairs":1,"minecraft:stone_bricks":1,"minecraft:stone":9,"minecraft:mossy_stone_bricks":1},"minecraft:used":{"minecraft:water_bucket":2,"minecraft:stone_sword":100,"minecraft:tropical_fish":5,"minecraft:stone_pickaxe":19,"minecraft:spruce_planks":1,"minecraft:cooked_salmon":4,"minecraft:rotten_flesh":2,"minecraft:mutton":6,"minecraft:carrot":6,"minecraft:cod":1,"minecraft:obsidian":1,"variantvanillablocks:spruce_crafting_table":2,"minecraft:lantern":1,"minecraft:bread":4,"minecraft:iron_pickaxe":1,"minecraft:stone_axe":42,"minecraft:fishing_rod":2,"minecraft:cobblestone":25,"minecraft:beef":4,"minecraft:cooked_porkchop":2,"minecraft:bucket":2,"tombstone:gift":1,"minecraft:cooked_beef":3},"minecraft:killed_by":{"irons_spellbooks:pyromancer":1,"goat_man:goat_man":1,"siren_head:siren_head":1},"minecraft:dropped":{"minecraft:golden_boots":1,"minecraft:bread":3,"minecraft:wheat_seeds":2,"alexsmobs:animal_dictionary":1,"slenderman:slender_book":1,"minecraft:cobblestone":2,"minecraft:rotten_flesh":11,"minecraft:spruce_door":1,"minecraft:leather_helmet":1,"minecraft:cooked_salmon":1,"minecraft:pumpkin":2,"minecraft:stone_pickaxe":1,"minecraft:stone_brick_stairs":1,"irons_spellbooks:frozen_bone":4,"minecraft:white_wool":5},"minecraft:picked_up":{"irons_spellbooks:scroll":1,"minecraft:coarse_dirt":16,"minecraft:cooked_beef":3,"minecraft:redstone_block":2,"minecraft:leather":2,"minecraft:brown_mushroom":1,"minecraft:smoker":1,"minecraft:stone_brick_stairs":1,"minecraft:smooth_sandstone_stairs":1,"minecraft:blue_bed":1,"minecraft:string":1,"minecraft:lantern":1,"minecraft:cooked_salmon":1,"variantvanillablocks:spruce_crafting_table":1,"minecraft:smooth_sandstone":1,"minecraft:glass":9,"minecraft:bone":2,"irons_spellbooks:arcane_essence":7,"minecraft:wheat_seeds":2,"minecraft:spruce_planks":64,"minecraft:beef":4,"minecraft:iron_ingot":3,"minecraft:stone_pickaxe":1,"minecraft:tall_grass":1,"alexsmobs:raccoon_tail":1,"minecraft:book":45,"minecraft:stick":2,"irons_spellbooks:frozen_bone":4,"minecraft:pumpkin":2,"irons_spellbooks:legendary_ink":1,"minecraft:spruce_fence":1,"minecraft:gravel":3,"minecraft:porkchop":6,"extermination:alien_battery":4,"irons_spellbooks:fire_rune":1,"extermination:scrap_metal":9,"minecraft:spruce_log":1,"minecraft:spider_eye":1,"minecraft:spruce_door":1,"minecraft:smooth_sandstone_slab":1,"minecraft:rotten_flesh":2,"minecraft:black_wool":1,"minecraft:mutton":12,"minecraft:cod":1,"minecraft:white_wool":5,"minecraft:cobblestone":35},"minecraft:crafted":{"minecraft:cooked_porkchop":6,"variantvanillablocks:spruce_crafting_table":1,"minecraft:spruce_planks":4,"minecraft:cooked_salmon":5,"minecraft:stone_axe":1,"minecraft:cooked_mutton":6,"minecraft:bread":8,"minecraft:air":0,"minecraft:stick":8,"minecraft:stone_pickaxe":1,"minecraft:stone_sword":1},"minecraft:custom":{"minecraft:interact_with_furnace":10,"minecraft:mob_kills":30,"minecraft:interact_with_crafting_table":5,"minecraft:open_barrel":12,"minecraft:interact_with_grindstone":1,"minecraft:leave_game":2,"minecraft:time_since_death":15246,"minecraft:time_since_rest":15055,"minecraft:sprint_one_cm":220186,"minecraft:damage_taken":1875,"minecraft:walk_one_cm":92511,"minecraft:drop":22,"minecraft:damage_dealt":4285,"minecraft:swim_one_cm":28948,"minecraft:fly_one_cm":383404,"minecraft:player_kills":1,"minecraft:open_chest":12,"minecraft:crouch_one_cm":3807,"minecraft:play_time":52387,"tombstone:undead_killed":9,"minecraft:deaths":3,"minecraft:sneak_time":1088,"minecraft:walk_under_water_one_cm":5522,"minecraft:boat_one_cm":18385,"tombstone:villager_killed":3,"minecraft:jump":1463,"minecraft:interact_with_smoker":6,"minecraft:walk_on_water_one_cm":10981,"minecraft:total_world_time":52387,"minecraft:fish_caught":1,"minecraft:fall_one_cm":32313},"minecraft:killed":{"minecraft:pig":1,"irons_spellbooks:pyromancer":1,"alexsmobs:raccoon":1,"alexsmobs:seal":2,"minecraft:spider":2,"minecraft:creeper":1,"minecraft:sheep":6,"minecraft:skeleton":2,"minecraft:zombie":6,"minecraft:stray":1,"alexsmobs:fly":1,"minecraft:villager":3,"extermination:tripod_body":1,"minecraft:cow":2}},"DataVersion":3465}