{"stats":{"minecraft:used":{"minecraft:stone_sword":147,"minecraft:tropical_fish":5,"minecraft:spruce_planks":5,"minecraft:iron_sword":50,"minecraft:cooked_salmon":4,"minecraft:rotten_flesh":14,"minecraft:dirt":3,"minecraft:mutton":6,"minecraft:carrot":6,"minecraft:spruce_fence":1,"minecraft:obsidian":1,"variantvanillablocks:spruce_crafting_table":4,"minecraft:dark_oak_planks":2,"minecraft:lantern":1,"minecraft:cherry_slab":5,"minecraft:beef":4,"tombstone:gift":1,"minecraft:cooked_beef":3,"minecraft:cobbled_deepslate":1,"minecraft:cooked_mutton":6,"minecraft:water_bucket":2,"minecraft:stone_pickaxe":19,"minecraft:cod":1,"minecraft:stripped_cherry_wood":1,"minecraft:apple":1,"minecraft:bread":12,"minecraft:iron_pickaxe":148,"minecraft:stone_axe":65,"minecraft:diamond_sword":7,"minecraft:fishing_rod":20,"minecraft:cobblestone":28,"minecraft:cooked_porkchop":4,"minecraft:bucket":2,"minecraft:coarse_dirt":20},"minecraft:mined":{"minecraft:dark_oak_planks":7,"minecraft:tuff":1,"minecraft:spruce_planks":3,"minecraft:deepslate_diamond_ore":13,"minecraft:spruce_fence":2,"minecraft:white_stained_glass":1,"minecraft:large_fern":1,"minecraft:cobbled_deepslate":2,"minecraft:pumpkin":2,"minecraft:mossy_stone_brick_stairs":1,"minecraft:bookshelf":15,"minecraft:lantern":1,"variantvanillablocks:spruce_crafting_table":1,"minecraft:smooth_sandstone_stairs":1,"minecraft:blue_orchid":1,"minecraft:stone":11,"minecraft:waxed_cut_copper_stairs":1,"minecraft:deepslate_redstone_ore":1,"minecraft:brown_mushroom":1,"minecraft:smoker":1,"minecraft:smooth_sandstone":1,"minecraft:cornflower":1,"minecraft:dead_bush":1,"minecraft:tall_grass":13,"minecraft:cobblestone":6,"minecraft:wall_torch":1,"minecraft:smooth_sandstone_slab":1,"minecraft:blue_bed":1,"minecraft:cherry_slab":2,"minecraft:red_terracotta":1,"minecraft:coarse_dirt":4,"minecraft:dark_oak_slab":1,"minecraft:light_gray_stained_glass":1,"minecraft:spruce_log":1,"minecraft:stone_brick_stairs":1,"minecraft:grass":13,"minecraft:gravel":4,"minecraft:dirt":3,"minecraft:cobweb":1,"minecraft:stone_bricks":1,"minecraft:mossy_stone_bricks":1,"minecraft:deepslate":111},"minecraft:killed_by":{"minecraft:husk":2,"irons_spellbooks:pyromancer":1,"goat_man:goat_man":1,"siren_head:siren_head":1,"alexsmobs:crocodile":1,"siren_head:siren_head_crawl_had_to_make_seprate_entity_for_this_ver":1},"minecraft:dropped":{"minecraft:golden_boots":1,"minecraft:bread":3,"minecraft:iron_sword":1,"minecraft:wheat_seeds":2,"minecraft:golden_helmet":1,"irons_spellbooks:legendary_ink":1,"slenderman:slender_book":1,"minecraft:cobblestone":6,"minecraft:warped_roots":1,"minecraft:leather":2,"minecraft:spruce_door":1,"minecraft:leather_helmet":1,"minecraft:flint":3,"minecraft:cooked_salmon":1,"minecraft:pumpkin":2,"irons_spellbooks:common_ink":3,"minecraft:string":2,"irons_spellbooks:frozen_bone":4,"minecraft:white_wool":5,"minecraft:blue_bed":1,"minecraft:redstone_block":2,"minecraft:redstone":4,"minecraft:bone":1,"minecraft:gravel":4,"alexsmobs:animal_dictionary":1,"minecraft:tuff":1,"tombstone:gift":1,"minecraft:tall_grass":1,"minecraft:rotten_flesh":15,"minecraft:acacia_sapling":1,"minecraft:spider_eye":1,"minecraft:blue_orchid":1,"minecraft:glass":9,"minecraft:stone_pickaxe":1,"minecraft:stone_brick_stairs":1,"minecraft:cherry_fence":2},"minecraft:picked_up":{"irons_spellbooks:scroll":2,"minecraft:coarse_dirt":20,"minecraft:redstone_block":2,"minecraft:brown_mushroom":1,"minecraft:stone_brick_stairs":1,"minecraft:cornflower":3,"minecraft:string":2,"minecraft:cooked_salmon":1,"variantvanillablocks:spruce_crafting_table":1,"minecraft:blue_orchid":1,"irons_spellbooks:arcane_essence":10,"minecraft:cobbled_deepslate":110,"minecraft:spruce_planks":67,"minecraft:beef":4,"alexsmobs:raccoon_tail":1,"minecraft:stick":2,"minecraft:torch":1,"minecraft:spruce_fence":1,"minecraft:porkchop":6,"extermination:alien_battery":4,"tombstone:grave_dust":2,"irons_spellbooks:fire_rune":1,"extermination:scrap_metal":9,"minecraft:redstone":4,"minecraft:dark_oak_planks":2,"minecraft:smooth_sandstone_slab":1,"minecraft:rotten_flesh":18,"minecraft:mutton":12,"minecraft:cod":1,"minecraft:white_wool":5,"minecraft:cobblestone":42,"minecraft:cooked_beef":3,"minecraft:leather":2,"minecraft:smoker":1,"minecraft:flint":1,"minecraft:tuff":1,"minecraft:smooth_sandstone_stairs":1,"minecraft:cherry_fence":2,"minecraft:gunpowder":3,"minecraft:dirt":3,"minecraft:blue_bed":1,"minecraft:lantern":1,"minecraft:smooth_sandstone":1,"minecraft:glass":9,"minecraft:bone":2,"minecraft:wheat_seeds":2,"minecraft:stone_pickaxe":1,"minecraft:iron_ingot":3,"minecraft:tall_grass":1,"minecraft:acacia_sapling":1,"minecraft:book":45,"irons_spellbooks:frozen_bone":4,"minecraft:pumpkin":2,"irons_spellbooks:legendary_ink":1,"minecraft:gravel":7,"minecraft:stripped_cherry_wood":1,"minecraft:white_bed":1,"minecraft:spruce_log":1,"minecraft:spruce_door":1,"minecraft:spider_eye":2,"minecraft:diamond":13,"minecraft:bread":32,"minecraft:warped_roots":1,"minecraft:cherry_slab":5,"minecraft:black_wool":1},"minecraft:crafted":{"minecraft:cooked_mutton":6,"minecraft:stone_pickaxe":1,"minecraft:diamond_sword":1,"minecraft:cooked_porkchop":6,"variantvanillablocks:spruce_crafting_table":3,"minecraft:spruce_planks":4,"minecraft:iron_sword":1,"minecraft:cooked_salmon":5,"minecraft:stone_axe":1,"minecraft:bread":8,"minecraft:air":0,"minecraft:stick":8,"minecraft:stone_sword":1,"minecraft:diamond_chestplate":1},"minecraft:custom":{"minecraft:mob_kills":49,"minecraft:interact_with_crafting_table":7,"minecraft:open_barrel":12,"minecraft:leave_game":5,"minecraft:time_since_death":24400,"minecraft:climb_one_cm":416,"minecraft:sprint_one_cm":367667,"minecraft:walk_one_cm":152365,"minecraft:drop":50,"minecraft:play_time":93759,"minecraft:deaths":8,"minecraft:sneak_time":2284,"minecraft:walk_under_water_one_cm":7204,"minecraft:boat_one_cm":18385,"minecraft:jump":2528,"minecraft:walk_on_water_one_cm":15651,"minecraft:total_world_time":93759,"minecraft:interact_with_furnace":10,"minecraft:interact_with_grindstone":1,"minecraft:time_since_rest":23180,"minecraft:damage_taken":4175,"minecraft:damage_dealt":8910,"minecraft:swim_one_cm":36659,"minecraft:fly_one_cm":617367,"minecraft:player_kills":2,"minecraft:open_chest":15,"minecraft:crouch_one_cm":6261,"tombstone:undead_killed":21,"tombstone:villager_killed":3,"minecraft:interact_with_smoker":6,"minecraft:fish_caught":1,"minecraft:fall_one_cm":59648},"minecraft:broken":{"minecraft:stone_sword":1},"minecraft:killed":{"minecraft:cave_spider":1,"irons_spellbooks:summoned_zombie":3,"irons_spellbooks:pyromancer":1,"alexsmobs:raccoon":1,"minecraft:spider":3,"minecraft:skeleton":2,"alexsmobs:centipede_head":1,"extermination:tripod_body":1,"minecraft:husk":4,"minecraft:pig":1,"alexsmobs:seal":2,"irons_spellbooks:necromancer":1,"minecraft:creeper":2,"minecraft:sheep":6,"minecraft:zombie":10,"alexsmobs:crocodile":1,"minecraft:stray":1,"alexsmobs:fly":1,"minecraft:villager":3,"minecraft:cow":2}},"DataVersion":3465}