{"stats":{"minecraft:killed":{"alexsmobs:lobster":8,"minecraft:spider":4,"duneons:wraith":2,"minecraft:skeleton":10,"minecraft:chicken":2,"duneons:redstonegolem":1,"duneons:vangruardskeleton":2,"minecraft:husk":15,"minecraft:creeper":1,"duneons:mountaineer":3,"minecraft:sheep":4,"minecraft:pillager":15,"minecraft:zombie":2,"minecraft:cow":2},"minecraft:crafted":{"minecraft:wooden_sword":4,"minecraft:cooked_chicken":2,"minecraft:furnace":3,"variantvanillablocks:dark_oak_chest":9,"minecraft:cooked_mutton":5,"variantvanillablocks:birch_crafting_table":4,"minecraft:birch_door":3,"minecraft:dark_oak_planks":404,"minecraft:cooked_beef":2,"alexsmobs:cooked_lobster_tail":4,"minecraft:wooden_pickaxe":1,"minecraft:iron_sword":1,"minecraft:birch_planks":296,"minecraft:stone_axe":1,"minecraft:bread":12,"minecraft:iron_chestplate":1,"minecraft:shield":1,"minecraft:stick":56,"minecraft:iron_ingot":5,"minecraft:iron_pickaxe":4,"variantvanillablocks:dark_oak_crafting_table":1,"minecraft:wooden_axe":2,"minecraft:stone_sword":2,"minecraft:gold_ingot":4,"minecraft:white_bed":1,"minecraft:torch":72},"minecraft:used":{"minecraft:stone_sword":232,"minecraft:flint_and_steel":7,"minecraft:redstone":2,"minecraft:chest":2,"duneons:windhole":1,"minecraft:shield":1,"minecraft:iron_sword":105,"duneons:ashblock":8,"minecraft:player_head":1,"minecraft:cooked_chicken":2,"minecraft:torch":29,"minecraft:carrot":9,"duneons:crumsoncoresword":6,"minecraft:birch_door":1,"duneons:soul_scythe":1,"minecraft:dark_oak_planks":20,"minecraft:wooden_axe":120,"duneons:dungeonscharredcobblestone":3,"minecraft:birch_sapling":19,"alexsmobs:cooked_lobster_tail":4,"duneons:crystalblue":1,"variantvanillablocks:dark_oak_chest":9,"duneons:goatgear_helmet":1,"minecraft:item_frame":1,"duneons:golemruin":2,"minecraft:furnace":3,"tombstone:gift":8,"minecraft:cobbled_deepslate":1,"minecraft:cooked_beef":2,"minecraft:dark_oak_sapling":8,"minecraft:cooked_mutton":5,"duneons:charredgrassblock":3,"minecraft:birch_planks":183,"duneons:miniredstonegolem":4,"minecraft:wooden_pickaxe":35,"variantvanillablocks:dark_oak_crafting_table":1,"minecraft:tnt":8,"variantvanillablocks:birch_crafting_table":4,"minecraft:mushroom_stew":2,"minecraft:white_bed":1,"minecraft:cake":2,"minecraft:bread":24,"minecraft:suspicious_stew":2,"minecraft:iron_pickaxe":253,"minecraft:gravel":2,"minecraft:stone_axe":123,"duneons:standfortorchgold":1,"minecraft:wooden_sword":268,"minecraft:cobblestone":14,"duneons:red_stone_golem_skull":2,"minecraft:cooked_porkchop":1,"minecraft:smithing_table":1,"duneons:highlandberries":14},"minecraft:broken":{"minecraft:stone_sword":1,"minecraft:wooden_sword":4,"minecraft:stone_axe":1,"minecraft:wooden_axe":2},"minecraft:dropped":{"minecraft:enchanted_book":3,"duneons:dungeonscharredcobblestoneslab":1,"minecraft:birch_planks":1,"minecraft:wheat_seeds":4,"minecraft:tnt":1,"duneons:charredgrassblock":4,"minecraft:mushroom_stew":1,"duneons:golemruin":1,"duneons:windhole":1,"tombstone:grave_key":2,"tombstone:grave_dust":6,"nethers_exorcism:indigo_fence_gate":1,"minecraft:glistering_melon_slice":5,"minecraft:redstone":1,"duneons:leaveswindswept":7,"minecraft:cyan_carpet":2,"minecraft:armor_stand":5,"minecraft:cobbled_deepslate":14,"minecraft:bowl":6,"minecraft:rotten_flesh":17,"minecraft:flint_and_steel":1,"minecraft:leather_chestplate":1,"minecraft:oak_sapling":2,"minecraft:yellow_banner":1,"minecraft:spruce_slab":3,"minecraft:red_nether_bricks":1,"minecraft:calcite":4},"minecraft:picked_up":{"duneons:highlandberries":15,"minecraft:wheat":36,"minecraft:chicken":2,"minecraft:suspicious_stew":4,"minecraft:smithing_table":1,"duneons:goldchain":11,"minecraft:enchanted_book":2,"tombstone:grave_key":1,"duneons:windhole":2,"minecraft:string":10,"duneons:ashblock":18,"duneons:goatgear_helmet":1,"minecraft:red_nether_bricks":1,"minecraft:iron_leggings":1,"minecraft:item_frame":1,"minecraft:armor_stand":5,"minecraft:cyan_carpet":2,"minecraft:beetroot":1,"minecraft:cobbled_deepslate":15,"minecraft:beef":2,"minecraft:player_head":1,"minecraft:calcite":4,"minecraft:spruce_slab":3,"minecraft:chest":2,"minecraft:birch_sapling":21,"minecraft:dark_oak_sapling":8,"minecraft:stick":25,"minecraft:raw_iron":84,"minecraft:bowl":2,"minecraft:torch":12,"minecraft:spruce_fence":1,"duneons:magicwand":4,"tombstone:grave_dust":7,"minecraft:redstone":13,"minecraft:dark_oak_planks":1,"minecraft:yellow_banner":1,"minecraft:arrow":8,"minecraft:rotten_flesh":17,"minecraft:peony":2,"duneons:soul_scythe":4,"duneons:goldmace":4,"minecraft:mutton":5,"duneons:goatgear_chestplate":1,"alexsmobs:lobster_tail":5,"minecraft:snowball":59,"minecraft:white_wool":4,"minecraft:cobblestone":53,"minecraft:birch_log":76,"duneons:crystalblue":6,"duneons:candleitem":1,"minecraft:leather_chestplate":3,"minecraft:feather":2,"duneons:sanctumstonepatternedgilded":1,"minecraft:leather":3,"minecraft:golden_leggings":1,"minecraft:birch_planks":6,"minecraft:mushroom_stew":1,"minecraft:oak_log":7,"duneons:purplevangardpotion":4,"minecraft:golden_boots":1,"minecraft:lapis_lazuli":42,"duneons:golemruin":3,"minecraft:dirt":19,"minecraft:leather_boots":1,"duneons:charredgrassblock":16,"minecraft:bone":10,"minecraft:apple":1,"minecraft:bow":1,"duneons:crumsoncoresword":4,"minecraft:wheat_seeds":100,"minecraft:raw_gold":1,"duneons:keydiamond":2,"duneons:anvilwithhammer":1,"duneons:red_stone_golem_skull":5,"minecraft:cooked_porkchop":1,"duneons:dungeonscharredcobblestone":3,"minecraft:dandelion":1,"duneons:dungeonscharredcobblestoneslab":2,"duneons:goldblockchiseledslab":1,"minecraft:gravel":2,"duneons:powerfulbow":1,"duneons:standfortorchgold":1,"duneons:leaveswindswept":7,"minecraft:dark_oak_log":101,"minecraft:spider_eye":2,"minecraft:bundle":1,"minecraft:soul_lantern":1,"minecraft:chainmail_leggings":1,"minecraft:crossbow":2,"minecraft:chainmail_helmet":3,"duneons:keygold":1,"minecraft:oak_sapling":8,"duneons:miniredstonegolem":4,"minecraft:coal":76},"minecraft:mined":{"minecraft:dark_oak_planks":1,"duneons:golemruin":1,"minecraft:yellow_wall_banner":1,"duneons:ashblock":9,"duneons:golemruin_2":1,"minecraft:dark_oak_log":132,"minecraft:red_nether_bricks":2,"duneons:charredstone":3,"minecraft:spruce_fence":1,"minecraft:redstone_wire":2,"duneons:standfortorchgold":1,"minecraft:spawner":8,"duneons:charredgrassblock":11,"duneons:anvilwithhammer":1,"duneons:red_stone_golem_skull":2,"minecraft:iron_ore":63,"minecraft:deepslate_iron_ore":18,"minecraft:stone":56,"minecraft:player_head":1,"minecraft:cake":3,"minecraft:spruce_slab":1,"minecraft:smithing_table":1,"minecraft:deepslate_redstone_ore":2,"minecraft:kelp_plant":1,"duneons:candle":1,"duneons:ruingolem":1,"minecraft:powder_snow":10,"minecraft:torch":5,"minecraft:calcite":4,"minecraft:chest":2,"minecraft:tall_grass":15,"minecraft:deepslate_coal_ore":4,"duneons:azure_crystal":1,"minecraft:lapis_ore":6,"minecraft:wall_torch":7,"minecraft:birch_sapling":2,"minecraft:birch_planks":3,"minecraft:birch_log":74,"minecraft:wheat":40,"minecraft:grass":36,"minecraft:coal_ore":73,"minecraft:gravel":2,"minecraft:cyan_carpet":1,"minecraft:cobweb":3,"minecraft:stone_bricks":1,"minecraft:gold_ore":1,"minecraft:oak_leaves":1,"duneons:sandspawn":1,"minecraft:deepslate":8},"minecraft:custom":{"minecraft:interact_with_smithing_table":3,"minecraft:interact_with_anvil":1,"minecraft:mob_kills":71,"minecraft:interact_with_crafting_table":42,"minecraft:open_barrel":15,"minecraft:eat_cake_slice":3,"minecraft:leave_game":10,"minecraft:time_since_death":61086,"minecraft:climb_one_cm":826,"minecraft:sprint_one_cm":330958,"minecraft:walk_one_cm":494439,"minecraft:damage_blocked_by_shield":25,"minecraft:drop":52,"minecraft:play_noteblock":1,"minecraft:play_time":173669,"minecraft:deaths":8,"minecraft:sneak_time":2659,"minecraft:walk_under_water_one_cm":44756,"minecraft:jump":2316,"minecraft:interact_with_blast_furnace":6,"minecraft:walk_on_water_one_cm":37559,"minecraft:total_world_time":173669,"minecraft:interact_with_furnace":31,"tombstone:raider_killed":15,"minecraft:interact_with_cartography_table":1,"minecraft:tune_noteblock":66,"minecraft:interact_with_loom":1,"minecraft:sleep_in_bed":3,"minecraft:time_since_rest":59671,"minecraft:damage_taken":4875,"minecraft:damage_dealt":20436,"minecraft:player_kills":1,"minecraft:swim_one_cm":97097,"minecraft:fly_one_cm":410908,"minecraft:open_chest":56,"minecraft:crouch_one_cm":3356,"tombstone:undead_killed":29,"minecraft:fall_one_cm":53471},"minecraft:killed_by":{"minecraft:husk":1,"minecraft:player":1,"goat_man:goat_man":1,"man:managgresive":1,"minecraft:skeleton":3,"duneons:wraith":1}},"DataVersion":3465}