{"stats":{"minecraft:killed":{"minecraft:cave_spider":4,"minecraft:witch":2,"minecraft:spider":6,"minecraft:skeleton":34,"irons_spellbooks:summoned_skeleton":1,"minecraft:tropical_fish":7,"minecraft:zombie_villager":1,"minecraft:salmon":8,"irons_spellbooks:necromancer":1,"minecraft:creeper":2,"minecraft:zombie":48,"irons_spellbooks:summoned_zombie":3,"minecraft:zoglin":1,"minecraft:drowned":2,"minecraft:enderman":1},"minecraft:dropped":{"minecraft:clay":3,"minecraft:moss_block":42,"minecraft:glass_bottle":1,"minecraft:chest_minecart":4,"minecraft:cracked_stone_bricks":2,"minecraft:rail":4,"minecraft:dirt":10,"minecraft:dark_oak_fence":12,"minecraft:cracked_deepslate_tiles":6,"irons_spellbooks:arcane_essence":1,"minecraft:writable_book":7,"minecraft:sand":65,"minecraft:cyan_carpet":28,"minecraft:gravel":6,"minecraft:detector_rail":7,"minecraft:rotten_flesh":2,"minecraft:mangrove_sign":1,"minecraft:poppy":1,"minecraft:leather_chestplate":1,"minecraft:deepslate_tiles":15,"minecraft:azalea":2,"minecraft:wheat_seeds":5,"minecraft:mossy_cobblestone":1,"minecraft:deepslate_brick_wall":13,"minecraft:feather":4,"minecraft:granite":2,"minecraft:activator_rail":2,"minecraft:diorite":3,"minecraft:ink_sac":17,"tombstone:grave_key":3,"tombstone:grave_dust":1,"minecraft:flowering_azalea":5,"minecraft:polished_deepslate":18,"minecraft:polished_diorite":6,"minecraft:moss_carpet":2,"minecraft:tuff":2,"minecraft:clay_ball":4,"minecraft:oak_sign":16,"minecraft:filled_map":3,"minecraft:big_dripleaf":10,"minecraft:flower_pot":1,"minecraft:andesite":6,"minecraft:calcite":6},"minecraft:picked_up":{"irons_spellbooks:scroll":1,"minecraft:wheat":1,"minecraft:flower_pot":1,"minecraft:enchanted_book":1,"tombstone:grave_key":1,"minecraft:polished_deepslate":9,"minecraft:string":46,"minecraft:beetroot_soup":1,"minecraft:oak_sign":12,"minecraft:activator_rail":2,"irons_spellbooks:arcane_essence":10,"minecraft:deepslate_tiles":15,"minecraft:cobbled_deepslate":146,"minecraft:spruce_planks":20,"minecraft:calcite":5,"minecraft:azalea":4,"irons_spellbooks:blank_rune":1,"minecraft:coal_block":17,"minecraft:furnace":1,"minecraft:stick":12,"minecraft:deepslate_brick_wall":5,"minecraft:big_dripleaf":15,"minecraft:oak_fence":5,"minecraft:torch":73,"tombstone:grave_dust":13,"minecraft:diorite":4,"minecraft:rotten_flesh":63,"minecraft:honey_bottle":2,"minecraft:tropical_fish":13,"minecraft:cod":2,"minecraft:cobblestone":588,"minecraft:andesite":14,"minecraft:potato":114,"minecraft:flint":2,"minecraft:tuff":3,"minecraft:dirt":150,"minecraft:lapis_lazuli":120,"minecraft:lantern":4,"minecraft:name_tag":2,"minecraft:bone":39,"minecraft:bow":3,"minecraft:wheat_seeds":17,"minecraft:raw_gold":90,"minecraft:powered_rail":3,"minecraft:moss_block":48,"minecraft:oak_planks":13,"minecraft:sand":167,"minecraft:ink_sac":17,"minecraft:mossy_cobblestone":2,"minecraft:bundle":1,"minecraft:clay":3,"minecraft:diamond":15,"minecraft:spruce_boat":4,"minecraft:soul_lantern":5,"minecraft:writable_book":5,"minecraft:granite":8,"minecraft:golden_apple":3,"minecraft:bread":6,"minecraft:dark_oak_fence":12,"minecraft:crafting_table":2,"minecraft:ladder":7,"minecraft:clay_ball":131,"minecraft:chest_minecart":4,"minecraft:moss_carpet":6,"variantvanillablocks:spruce_crafting_table":1,"minecraft:cyan_carpet":28,"minecraft:cracked_stone_bricks":2,"minecraft:detector_rail":7,"tombstone:scroll_of_unstable_intangibility":1,"minecraft:poppy":1,"minecraft:sugar_cane":27,"minecraft:raw_iron":248,"minecraft:sandstone":61,"minecraft:mangrove_sign":1,"minecraft:redstone":163,"minecraft:prismarine_crystals":3,"minecraft:tnt":1,"minecraft:arrow":32,"minecraft:pumpkin_pie":1,"minecraft:glow_berries":79,"minecraft:rail":34,"minecraft:cracked_deepslate_tiles":6,"minecraft:tripwire_hook":2,"minecraft:salmon":8,"minecraft:leather":3,"minecraft:filled_map":3,"alexsmobs:cachalot_whale_tooth":1,"minecraft:oak_log":7,"minecraft:gunpowder":3,"tombstone:gift":1,"irons_spellbooks:common_ink":1,"minecraft:kelp":143,"minecraft:iron_ingot":7,"tombstone:bag_of_seeds":1,"minecraft:flowering_azalea":8,"minecraft:book":15,"minecraft:dark_oak_slab":1,"minecraft:gravel":23,"minecraft:spruce_sapling":22,"minecraft:spruce_log":235,"minecraft:spider_eye":3,"travelersbackpack:standard":6,"minecraft:pumpkin_seeds":4,"minecraft:polished_diorite":5,"minecraft:baked_potato":1,"tombstone:magic_scroll":5,"minecraft:melon_seeds":11,"minecraft:coal":221},"minecraft:crafted":{"minecraft:oak_planks":14,"minecraft:cooked_mutton":2,"minecraft:iron_boots":1,"minecraft:stone_hoe":2,"minecraft:emerald":1,"minecraft:cooked_porkchop":4,"variantvanillablocks:spruce_crafting_table":4,"minecraft:crafting_table":2,"minecraft:spruce_planks":884,"minecraft:wooden_pickaxe":1,"minecraft:baked_potato":4,"minecraft:iron_helmet":1,"minecraft:golden_pickaxe":3,"minecraft:iron_chestplate":1,"minecraft:shield":1,"minecraft:stick":212,"minecraft:iron_ingot":174,"minecraft:iron_pickaxe":8,"minecraft:stone_sword":1,"minecraft:gold_ingot":93,"minecraft:stone_shovel":1,"minecraft:iron_nugget":45,"minecraft:furnace":6,"minecraft:bone_meal":54,"minecraft:flint_and_steel":2,"variantvanillablocks:spruce_chest":14,"minecraft:lantern":5,"minecraft:iron_hoe":1,"minecraft:stone_pickaxe":2,"minecraft:cooked_cod":2,"minecraft:iron_sword":2,"minecraft:cooked_salmon":7,"minecraft:bucket":1,"minecraft:stone_axe":1,"minecraft:bread":5,"minecraft:air":0,"minecraft:white_wool":3,"minecraft:wooden_axe":3,"minecraft:iron_shovel":2,"minecraft:iron_leggings":1,"minecraft:white_bed":1,"minecraft:torch":76},"minecraft:used":{"minecraft:moss_block":1,"minecraft:writable_book":7,"minecraft:iron_shovel":101,"minecraft:ladder":1,"minecraft:oak_sign":3,"minecraft:shield":70,"minecraft:iron_sword":362,"minecraft:rotten_flesh":43,"minecraft:tuff":1,"minecraft:axolotl_bucket":2,"minecraft:milk_bucket":11,"minecraft:honey_bottle":2,"minecraft:spruce_boat":3,"variantvanillablocks:spruce_crafting_table":5,"minecraft:lantern":6,"minecraft:dark_oak_slab":1,"minecraft:furnace":6,"minecraft:cooked_cod":4,"minecraft:potato":160,"minecraft:stone_pickaxe":260,"minecraft:wooden_pickaxe":47,"minecraft:sandstone":24,"minecraft:golden_apple":3,"minecraft:glow_berries":95,"minecraft:sand":113,"minecraft:bread":17,"minecraft:gravel":3,"variantvanillablocks:spruce_chest":14,"minecraft:andesite":8,"minecraft:bone_meal":54,"minecraft:golden_pickaxe":97,"minecraft:experience_bottle":1,"minecraft:stone_sword":135,"minecraft:flint_and_steel":26,"minecraft:tropical_fish":13,"minecraft:stone_shovel":129,"minecraft:spruce_planks":18,"minecraft:cooked_salmon":11,"minecraft:torch":126,"minecraft:dirt":113,"minecraft:iron_hoe":80,"minecraft:wooden_axe":192,"tombstone:gift":5,"minecraft:cobbled_deepslate":41,"minecraft:cooked_mutton":2,"minecraft:water_bucket":50,"minecraft:baked_potato":4,"minecraft:tnt":3,"minecraft:crafting_table":3,"minecraft:white_bed":1,"tombstone:bag_of_seeds":1,"minecraft:iron_pickaxe":1020,"minecraft:spruce_sapling":5,"minecraft:stone_axe":90,"minecraft:cobblestone":375,"travelersbackpack:standard":1,"minecraft:cooked_porkchop":4,"minecraft:bucket":53,"alexsmobs:animal_dictionary":1},"minecraft:broken":{"minecraft:iron_boots":1,"minecraft:stone_pickaxe":2,"minecraft:iron_sword":1,"minecraft:wooden_axe":3,"minecraft:stone_sword":1,"minecraft:iron_pickaxe":4,"minecraft:iron_helmet":1,"minecraft:golden_pickaxe":3},"minecraft:mined":{"minecraft:cave_vines_plant":56,"minecraft:granite":9,"minecraft:grass_block":41,"minecraft:coal_block":17,"minecraft:spawner":4,"minecraft:tall_seagrass":3,"minecraft:cobbled_deepslate":1,"minecraft:iron_ore":142,"minecraft:fire":20,"minecraft:deepslate_lapis_ore":10,"minecraft:cave_vines":133,"minecraft:dirt_path":1,"minecraft:azalea":3,"minecraft:deepslate_redstone_ore":30,"minecraft:kelp_plant":13,"minecraft:soul_lantern":2,"minecraft:clay":7,"minecraft:torch":30,"minecraft:cobblestone":14,"minecraft:sugar_cane":12,"minecraft:wall_torch":15,"minecraft:seagrass":2,"minecraft:dark_oak_slab":1,"minecraft:tnt":1,"minecraft:grass":17,"minecraft:oak_log":4,"minecraft:dirt":11,"minecraft:sand":127,"minecraft:netherrack":1,"minecraft:deepslate":126,"minecraft:diamond_ore":5,"minecraft:tuff":3,"minecraft:mossy_cobblestone":1,"minecraft:deepslate_diamond_ore":10,"minecraft:sea_lantern":1,"minecraft:spruce_leaves":16,"minecraft:moss_block":37,"minecraft:kelp":90,"minecraft:sandstone":65,"minecraft:redstone_ore":6,"minecraft:furnace":1,"minecraft:andesite":14,"minecraft:big_dripleaf_stem":1,"minecraft:potatoes":30,"minecraft:deepslate_iron_ore":52,"minecraft:vine":1,"minecraft:lantern":2,"variantvanillablocks:spruce_crafting_table":1,"minecraft:stone":530,"minecraft:podzol":68,"minecraft:flowering_azalea":2,"travelersbackpack:standard":5,"minecraft:crafting_table":2,"minecraft:tall_grass":11,"minecraft:deepslate_coal_ore":17,"minecraft:deepslate_gold_ore":67,"minecraft:lapis_ore":9,"minecraft:diorite":4,"minecraft:big_dripleaf":4,"minecraft:spruce_log":265,"minecraft:coal_ore":157,"minecraft:gravel":24,"minecraft:cobweb":30,"minecraft:cracked_stone_bricks":1,"minecraft:small_dripleaf":3,"minecraft:gold_ore":27,"minecraft:fern":13},"minecraft:killed_by":{"minecraft:creeper":1,"siren_head:siren_head":3,"man:managgresive":2,"siren_head:siren_head_crawl_had_to_make_seprate_entity_for_this_ver":1,"minecraft:player":2,"apollyon:the_infector":1,"goat_man:goat_man":2},"minecraft:custom":{"minecraft:interact_with_crafting_table":54,"minecraft:open_barrel":9,"goblintraders:trade_with_goblin":34,"minecraft:leave_game":4,"minecraft:time_since_death":19227,"minecraft:damage_resisted":24,"minecraft:sprint_one_cm":617906,"minecraft:damage_blocked_by_shield":2535,"minecraft:drop":75,"minecraft:play_noteblock":1,"minecraft:play_time":387723,"minecraft:deaths":13,"minecraft:jump":4778,"minecraft:walk_on_water_one_cm":204783,"minecraft:interact_with_furnace":59,"minecraft:interact_with_cartography_table":2,"minecraft:sleep_in_bed":1,"minecraft:damage_dealt":20609,"minecraft:player_kills":1,"minecraft:crouch_one_cm":12946,"tombstone:undead_killed":91,"minecraft:mob_kills":122,"minecraft:climb_one_cm":27759,"minecraft:walk_one_cm":831085,"minecraft:sneak_time":7463,"minecraft:walk_under_water_one_cm":236404,"minecraft:boat_one_cm":377785,"minecraft:interact_with_lectern":3,"minecraft:total_world_time":387723,"tombstone:raider_killed":2,"minecraft:tune_noteblock":9,"minecraft:time_since_rest":19064,"minecraft:damage_taken":11208,"minecraft:damage_absorbed":120,"minecraft:swim_one_cm":212539,"minecraft:fly_one_cm":538455,"minecraft:open_chest":105,"minecraft:fall_one_cm":111014}},"DataVersion":3465}