{"stats":{"minecraft:killed":{"minecraft:cave_spider":4,"irons_spellbooks:summoned_zombie":3,"minecraft:witch":2,"minecraft:spider":6,"minecraft:skeleton":27,"irons_spellbooks:summoned_skeleton":1,"minecraft:tropical_fish":7,"minecraft:zombie_villager":1,"minecraft:salmon":6,"irons_spellbooks:necromancer":1,"minecraft:creeper":2,"minecraft:zombie":47,"minecraft:enderman":1},"minecraft:dropped":{"minecraft:clay":3,"minecraft:moss_block":35,"minecraft:wheat_seeds":4,"minecraft:chest_minecart":4,"minecraft:granite":2,"minecraft:activator_rail":2,"minecraft:rail":4,"tombstone:grave_key":3,"tombstone:grave_dust":1,"irons_spellbooks:arcane_essence":1,"minecraft:flowering_azalea":5,"minecraft:moss_carpet":2,"minecraft:detector_rail":7,"minecraft:tuff":2,"minecraft:rotten_flesh":2,"minecraft:clay_ball":4,"minecraft:big_dripleaf":10,"minecraft:azalea":2},"minecraft:picked_up":{"irons_spellbooks:scroll":1,"minecraft:clay_ball":131,"minecraft:chest_minecart":4,"minecraft:enchanted_book":1,"tombstone:grave_key":1,"minecraft:string":46,"minecraft:moss_carpet":6,"variantvanillablocks:spruce_crafting_table":1,"minecraft:activator_rail":2,"irons_spellbooks:arcane_essence":10,"minecraft:cobbled_deepslate":146,"minecraft:detector_rail":7,"tombstone:scroll_of_unstable_intangibility":1,"minecraft:spruce_planks":19,"minecraft:azalea":4,"irons_spellbooks:blank_rune":1,"minecraft:stick":12,"minecraft:raw_iron":246,"minecraft:big_dripleaf":15,"minecraft:oak_fence":5,"minecraft:torch":69,"tombstone:grave_dust":12,"minecraft:diorite":4,"minecraft:redstone":163,"minecraft:prismarine_crystals":3,"minecraft:arrow":25,"minecraft:rotten_flesh":54,"minecraft:tropical_fish":13,"minecraft:glow_berries":79,"minecraft:cod":2,"minecraft:rail":34,"minecraft:cobblestone":545,"minecraft:andesite":13,"minecraft:salmon":6,"minecraft:leather":3,"minecraft:potato":90,"minecraft:filled_map":2,"minecraft:flint":1,"minecraft:tuff":3,"minecraft:oak_log":3,"minecraft:gunpowder":3,"minecraft:lapis_lazuli":120,"minecraft:dirt":119,"tombstone:gift":1,"minecraft:name_tag":2,"irons_spellbooks:common_ink":1,"minecraft:bone":29,"minecraft:bow":3,"minecraft:wheat_seeds":16,"minecraft:raw_gold":90,"minecraft:iron_ingot":7,"tombstone:bag_of_seeds":1,"minecraft:powered_rail":3,"minecraft:moss_block":48,"minecraft:flowering_azalea":8,"minecraft:oak_planks":13,"minecraft:gravel":18,"minecraft:spruce_sapling":22,"minecraft:spruce_log":226,"minecraft:spider_eye":3,"minecraft:mossy_cobblestone":2,"minecraft:bundle":1,"travelersbackpack:standard":2,"minecraft:pumpkin_seeds":4,"minecraft:clay":3,"minecraft:diamond":15,"minecraft:granite":8,"minecraft:golden_apple":2,"minecraft:bread":6,"tombstone:magic_scroll":5,"minecraft:melon_seeds":11,"minecraft:coal":169},"minecraft:crafted":{"minecraft:stone_shovel":1,"minecraft:iron_nugget":36,"minecraft:furnace":5,"minecraft:bone_meal":54,"minecraft:cooked_mutton":2,"minecraft:flint_and_steel":1,"variantvanillablocks:spruce_chest":14,"minecraft:lantern":4,"minecraft:iron_boots":1,"minecraft:iron_hoe":1,"minecraft:stone_pickaxe":2,"minecraft:stone_hoe":2,"minecraft:cooked_cod":2,"minecraft:emerald":1,"minecraft:cooked_porkchop":4,"variantvanillablocks:spruce_crafting_table":4,"minecraft:spruce_planks":816,"minecraft:wooden_pickaxe":1,"minecraft:iron_helmet":1,"minecraft:iron_sword":2,"minecraft:golden_pickaxe":3,"minecraft:cooked_salmon":6,"minecraft:bucket":1,"minecraft:stone_axe":1,"minecraft:air":0,"minecraft:white_wool":3,"minecraft:iron_chestplate":1,"minecraft:shield":1,"minecraft:stick":208,"minecraft:iron_ingot":174,"minecraft:iron_pickaxe":7,"minecraft:wooden_axe":3,"minecraft:stone_sword":1,"minecraft:iron_leggings":1,"minecraft:iron_shovel":1,"minecraft:gold_ingot":90,"minecraft:white_bed":1,"minecraft:torch":76},"minecraft:used":{"minecraft:moss_block":1,"minecraft:stone_sword":135,"minecraft:iron_shovel":12,"minecraft:flint_and_steel":24,"minecraft:tropical_fish":13,"minecraft:stone_shovel":129,"minecraft:spruce_planks":12,"minecraft:shield":70,"minecraft:iron_sword":290,"minecraft:cooked_salmon":6,"minecraft:rotten_flesh":38,"minecraft:torch":119,"minecraft:dirt":107,"minecraft:tuff":1,"minecraft:axolotl_bucket":2,"minecraft:iron_hoe":80,"variantvanillablocks:spruce_crafting_table":5,"minecraft:wooden_axe":192,"minecraft:lantern":3,"minecraft:furnace":5,"minecraft:cooked_cod":2,"tombstone:gift":5,"minecraft:potato":135,"minecraft:cobbled_deepslate":41,"minecraft:cooked_mutton":2,"minecraft:water_bucket":22,"minecraft:stone_pickaxe":260,"minecraft:wooden_pickaxe":47,"minecraft:golden_apple":2,"minecraft:glow_berries":95,"minecraft:white_bed":1,"tombstone:bag_of_seeds":1,"minecraft:bread":6,"minecraft:iron_pickaxe":827,"minecraft:spruce_sapling":5,"minecraft:stone_axe":90,"minecraft:gravel":3,"minecraft:cobblestone":375,"variantvanillablocks:spruce_chest":14,"minecraft:cooked_porkchop":4,"minecraft:andesite":8,"minecraft:bucket":25,"alexsmobs:animal_dictionary":1,"minecraft:bone_meal":54,"minecraft:golden_pickaxe":97},"minecraft:broken":{"minecraft:stone_sword":1,"minecraft:stone_pickaxe":2,"minecraft:iron_sword":1,"minecraft:iron_pickaxe":3,"minecraft:golden_pickaxe":3,"minecraft:wooden_axe":3},"minecraft:mined":{"minecraft:diamond_ore":5,"minecraft:tuff":3,"minecraft:mossy_cobblestone":1,"minecraft:deepslate_diamond_ore":10,"minecraft:sea_lantern":1,"minecraft:cave_vines_plant":56,"minecraft:granite":9,"minecraft:grass_block":41,"minecraft:spruce_leaves":10,"minecraft:moss_block":37,"minecraft:spawner":1,"minecraft:redstone_ore":6,"minecraft:iron_ore":140,"minecraft:cobbled_deepslate":1,"minecraft:andesite":13,"minecraft:deepslate_lapis_ore":10,"minecraft:big_dripleaf_stem":1,"minecraft:potatoes":23,"minecraft:dirt_path":1,"minecraft:cave_vines":133,"minecraft:deepslate_iron_ore":52,"minecraft:vine":1,"variantvanillablocks:spruce_crafting_table":1,"minecraft:azalea":3,"minecraft:stone":526,"minecraft:podzol":68,"minecraft:deepslate_redstone_ore":30,"minecraft:flowering_azalea":2,"travelersbackpack:standard":1,"minecraft:clay":7,"minecraft:torch":29,"minecraft:tall_grass":11,"minecraft:cobblestone":14,"minecraft:deepslate_coal_ore":9,"minecraft:lapis_ore":9,"minecraft:deepslate_gold_ore":67,"minecraft:diorite":4,"minecraft:wall_torch":14,"minecraft:big_dripleaf":4,"minecraft:spruce_log":263,"minecraft:grass":16,"minecraft:coal_ore":118,"minecraft:gravel":18,"minecraft:dirt":10,"minecraft:cobweb":30,"minecraft:small_dripleaf":3,"minecraft:gold_ore":27,"minecraft:deepslate":126,"minecraft:fern":13},"minecraft:killed_by":{"minecraft:player":2,"minecraft:creeper":1,"goat_man:goat_man":2,"siren_head:siren_head":2,"man:managgresive":1,"siren_head:siren_head_crawl_had_to_make_seprate_entity_for_this_ver":1},"minecraft:custom":{"minecraft:mob_kills":109,"minecraft:interact_with_crafting_table":46,"goblintraders:trade_with_goblin":34,"minecraft:leave_game":4,"minecraft:time_since_death":98327,"minecraft:climb_one_cm":3937,"minecraft:sprint_one_cm":467108,"minecraft:walk_one_cm":668570,"minecraft:damage_blocked_by_shield":2535,"minecraft:drop":35,"minecraft:play_time":285723,"minecraft:sneak_time":5523,"minecraft:deaths":9,"minecraft:walk_under_water_one_cm":114843,"minecraft:jump":3491,"minecraft:walk_on_water_one_cm":146530,"minecraft:total_world_time":285723,"minecraft:interact_with_furnace":49,"tombstone:raider_killed":2,"minecraft:sleep_in_bed":1,"minecraft:time_since_rest":45192,"minecraft:damage_taken":5299,"minecraft:damage_absorbed":80,"minecraft:damage_dealt":18620,"minecraft:player_kills":1,"minecraft:swim_one_cm":147153,"minecraft:fly_one_cm":303192,"minecraft:crouch_one_cm":12546,"minecraft:open_chest":93,"tombstone:undead_killed":80,"minecraft:fall_one_cm":65777}},"DataVersion":3465}