{"stats":{"minecraft:mined":{"minecraft:cave_vines_plant":56,"minecraft:granite":9,"minecraft:grass_block":41,"minecraft:coal_block":17,"minecraft:spawner":8,"minecraft:tall_seagrass":3,"minecraft:iron_ore":157,"minecraft:cobbled_deepslate":2,"minecraft:fire":20,"minecraft:deepslate_lapis_ore":10,"minecraft:dark_oak_stairs":3,"minecraft:cave_vines":133,"minecraft:dirt_path":1,"minecraft:spruce_wood":34,"minecraft:azalea":3,"minecraft:deepslate_redstone_ore":30,"minecraft:blackstone":3,"minecraft:kelp_plant":13,"minecraft:soul_lantern":2,"minecraft:clay":7,"minecraft:torch":51,"minecraft:blast_furnace":1,"minecraft:calcite":5,"minecraft:polished_andesite_stairs":1,"minecraft:chest":4,"minecraft:cobblestone":26,"minecraft:sugar_cane":20,"minecraft:wall_torch":31,"minecraft:seagrass":3,"minecraft:dark_oak_slab":1,"minecraft:tnt":1,"minecraft:grass":21,"minecraft:oak_log":4,"minecraft:sand":127,"minecraft:dirt":11,"minecraft:dispenser":1,"minecraft:netherrack":1,"minecraft:deepslate":126,"minecraft:diamond_ore":5,"minecraft:tuff":3,"minecraft:mossy_cobblestone":2,"minecraft:deepslate_diamond_ore":10,"minecraft:dark_oak_log":1,"minecraft:sea_lantern":1,"minecraft:decorated_pot":1,"minecraft:redstone_wire":2,"minecraft:spruce_leaves":17,"minecraft:moss_block":37,"minecraft:kelp":90,"minecraft:sandstone":65,"minecraft:black_stained_glass_pane":2,"minecraft:redstone_ore":6,"minecraft:furnace":1,"minecraft:andesite":31,"minecraft:big_dripleaf_stem":1,"minecraft:bookshelf":30,"minecraft:potatoes":119,"minecraft:deepslate_iron_ore":55,"minecraft:vine":1,"minecraft:lantern":2,"variantvanillablocks:spruce_crafting_table":2,"minecraft:stone":538,"minecraft:podzol":68,"minecraft:flowering_azalea":2,"travelersbackpack:standard":8,"minecraft:crafting_table":2,"minecraft:emerald_ore":1,"minecraft:tall_grass":11,"minecraft:deepslate_coal_ore":17,"minecraft:lapis_ore":9,"minecraft:deepslate_gold_ore":67,"minecraft:diorite":4,"minecraft:big_dripleaf":4,"minecraft:coarse_dirt":12,"minecraft:cobblestone_wall":4,"minecraft:spruce_log":397,"minecraft:coal_ore":295,"minecraft:gravel":24,"minecraft:cobweb":30,"minecraft:cracked_stone_bricks":1,"minecraft:polished_andesite":1,"minecraft:small_dripleaf":3,"minecraft:gold_ore":27,"minecraft:iron_trapdoor":1,"minecraft:fern":13},"minecraft:used":{"minecraft:moss_block":1,"minecraft:writable_book":7,"minecraft:iron_shovel":101,"minecraft:ladder":1,"minecraft:oak_sign":3,"minecraft:shield":116,"minecraft:iron_sword":492,"minecraft:rotten_flesh":43,"minecraft:iron_chestplate":1,"minecraft:tuff":1,"minecraft:axolotl_bucket":2,"minecraft:milk_bucket":11,"minecraft:honey_bottle":2,"minecraft:spruce_boat":7,"variantvanillablocks:spruce_crafting_table":8,"minecraft:spruce_wood":1,"minecraft:lantern":6,"minecraft:iron_helmet":2,"minecraft:dark_oak_slab":1,"minecraft:furnace":6,"minecraft:cooked_cod":4,"minecraft:egg":1,"minecraft:potato":260,"minecraft:stone_pickaxe":260,"minecraft:wooden_pickaxe":47,"minecraft:sandstone":24,"minecraft:golden_apple":3,"minecraft:glow_berries":95,"minecraft:sand":113,"minecraft:mushroom_stew":4,"minecraft:bread":26,"minecraft:gravel":4,"minecraft:diamond_sword":298,"variantvanillablocks:spruce_chest":14,"minecraft:andesite":8,"minecraft:coarse_dirt":7,"minecraft:bone_meal":84,"minecraft:golden_pickaxe":97,"minecraft:experience_bottle":1,"minecraft:stone_sword":135,"minecraft:flint_and_steel":26,"minecraft:tropical_fish":13,"minecraft:stone_shovel":129,"minecraft:spruce_planks":33,"minecraft:cooked_salmon":11,"minecraft:stone_hoe":1,"minecraft:torch":184,"minecraft:dirt":113,"minecraft:cobblestone_wall":34,"variantvanillablocks:spruce_smoker":2,"minecraft:iron_hoe":80,"minecraft:wooden_axe":192,"minecraft:iron_boots":1,"tombstone:gift":5,"minecraft:cobbled_deepslate":41,"minecraft:iron_leggings":1,"minecraft:beetroot_soup":1,"minecraft:cooked_mutton":3,"minecraft:water_bucket":79,"minecraft:baked_potato":47,"minecraft:spruce_fence_gate":1,"minecraft:tnt":3,"minecraft:crafting_table":3,"minecraft:white_bed":1,"tombstone:bag_of_seeds":1,"minecraft:iron_pickaxe":1259,"minecraft:spruce_sapling":5,"minecraft:stone_axe":297,"minecraft:cobblestone":391,"travelersbackpack:standard":2,"minecraft:cooked_porkchop":4,"minecraft:bucket":82,"alexsmobs:animal_dictionary":1},"minecraft:killed_by":{"minecraft:creeper":1,"siren_head:siren_head":4,"man:managgresive":2,"siren_head:siren_head_crawl_had_to_make_seprate_entity_for_this_ver":1,"minecraft:player":2,"alexsmobs:rocky_roller":1,"apollyon:the_infector":1,"goat_man:goat_man":2,"minecraft:skeleton":1},"minecraft:dropped":{"minecraft:clay":3,"minecraft:moss_block":42,"minecraft:dark_oak_stairs":3,"minecraft:glass_bottle":1,"minecraft:chest_minecart":4,"minecraft:cracked_stone_bricks":2,"minecraft:rail":4,"minecraft:dirt":10,"minecraft:dispenser":1,"minecraft:dark_oak_fence":12,"minecraft:cracked_deepslate_tiles":6,"irons_spellbooks:arcane_essence":1,"minecraft:writable_book":7,"minecraft:sand":65,"minecraft:dark_oak_planks":4,"minecraft:cyan_carpet":34,"minecraft:gravel":12,"minecraft:sugar_cane":12,"minecraft:detector_rail":7,"minecraft:obsidian":2,"minecraft:wheat":1,"minecraft:pointed_dripstone":1,"minecraft:beetroot":12,"minecraft:rotten_flesh":26,"minecraft:mangrove_sign":1,"minecraft:poppy":1,"minecraft:leather_chestplate":1,"minecraft:deepslate_tiles":15,"minecraft:gunpowder":1,"minecraft:melon_seeds":16,"minecraft:spruce_wood":14,"minecraft:chest":4,"minecraft:azalea":2,"minecraft:wheat_seeds":5,"minecraft:golden_horse_armor":1,"minecraft:mossy_cobblestone":1,"minecraft:deepslate_brick_wall":13,"minecraft:poisonous_potato":3,"minecraft:iron_helmet":1,"minecraft:feather":4,"minecraft:cobblestone":6,"minecraft:apple":3,"minecraft:granite":2,"minecraft:activator_rail":2,"minecraft:mushroom_stew":1,"minecraft:diorite":3,"minecraft:ink_sac":17,"minecraft:torch":1,"tombstone:grave_key":3,"tombstone:grave_dust":5,"minecraft:potion":3,"minecraft:flowering_azalea":5,"minecraft:string":3,"minecraft:spruce_sapling":20,"minecraft:redstone":4,"minecraft:polished_deepslate":18,"minecraft:polished_diorite":6,"minecraft:moss_carpet":2,"minecraft:coarse_dirt":10,"minecraft:dark_oak_sign":3,"minecraft:bowl":3,"minecraft:tuff":3,"minecraft:chicken":2,"minecraft:clay_ball":4,"minecraft:oak_sign":16,"minecraft:filled_map":3,"minecraft:big_dripleaf":10,"minecraft:potato":1,"minecraft:flower_pot":1,"minecraft:andesite":52,"minecraft:oak_sapling":4,"minecraft:spider_eye":3,"minecraft:spruce_log":4,"minecraft:bow":2,"minecraft:calcite":29},"minecraft:picked_up":{"irons_spellbooks:scroll":6,"minecraft:wheat":1,"minecraft:flower_pot":1,"alexscaves:cave_tablet":2,"minecraft:potion":2,"minecraft:enchanted_book":2,"tombstone:grave_key":1,"minecraft:polished_deepslate":9,"minecraft:string":65,"alexsmobs:ancient_dart":4,"minecraft:cooked_salmon":1,"minecraft:beetroot_soup":1,"minecraft:oak_sign":12,"minecraft:activator_rail":2,"irons_spellbooks:arcane_essence":13,"minecraft:deepslate_tiles":15,"minecraft:cobbled_deepslate":147,"minecraft:spruce_planks":20,"minecraft:calcite":28,"minecraft:azalea":4,"irons_spellbooks:blank_rune":2,"minecraft:coal_block":17,"minecraft:furnace":1,"minecraft:tipped_arrow":2,"minecraft:stick":72,"minecraft:deepslate_brick_wall":5,"minecraft:big_dripleaf":15,"minecraft:oak_fence":5,"minecraft:torch":117,"minecraft:pointed_dripstone":1,"tombstone:grave_dust":17,"minecraft:diorite":4,"minecraft:rotten_flesh":130,"minecraft:honey_bottle":2,"minecraft:tropical_fish":13,"minecraft:obsidian":2,"minecraft:cod":2,"minecraft:cobblestone":609,"minecraft:andesite":60,"minecraft:potato":441,"minecraft:flint":2,"minecraft:tuff":4,"alexsmobs:rocky_shell":1,"minecraft:lantern":4,"minecraft:lapis_lazuli":120,"minecraft:dirt":150,"minecraft:name_tag":2,"minecraft:bone":103,"minecraft:bow":3,"minecraft:wheat_seeds":17,"minecraft:raw_gold":90,"minecraft:dark_oak_sign":3,"minecraft:powered_rail":3,"minecraft:moss_block":48,"minecraft:oak_planks":13,"minecraft:poisonous_potato":3,"minecraft:sand":167,"minecraft:ink_sac":17,"minecraft:dark_oak_log":2,"minecraft:mossy_cobblestone":3,"minecraft:bundle":1,"minecraft:dispenser":2,"minecraft:clay":3,"minecraft:diamond":24,"minecraft:spruce_boat":6,"minecraft:soul_lantern":5,"minecraft:writable_book":5,"minecraft:granite":8,"minecraft:golden_apple":4,"minecraft:emerald":2,"minecraft:golden_horse_armor":2,"minecraft:bread":6,"minecraft:oak_sapling":4,"minecraft:dark_oak_fence":12,"minecraft:coarse_dirt":17,"minecraft:crafting_table":2,"minecraft:chicken":4,"minecraft:ladder":7,"minecraft:clay_ball":131,"minecraft:chest_minecart":4,"minecraft:moss_carpet":6,"variantvanillablocks:spruce_crafting_table":2,"minecraft:blackstone":3,"minecraft:cyan_carpet":34,"minecraft:cracked_stone_bricks":2,"minecraft:detector_rail":7,"tombstone:scroll_of_unstable_intangibility":1,"minecraft:poppy":1,"minecraft:chest":4,"minecraft:sugar_cane":57,"minecraft:egg":1,"minecraft:raw_iron":266,"minecraft:sandstone":61,"minecraft:bowl":1,"minecraft:mangrove_sign":1,"minecraft:redstone":167,"minecraft:prismarine_crystals":3,"minecraft:tnt":1,"minecraft:arrow":62,"minecraft:pumpkin_pie":1,"tombstone:essence_of_undeath":1,"minecraft:saddle":1,"minecraft:gold_ingot":19,"minecraft:glow_berries":79,"minecraft:rail":34,"minecraft:cracked_deepslate_tiles":6,"minecraft:tripwire_hook":2,"minecraft:salmon":8,"minecraft:leather":3,"minecraft:filled_map":3,"alexsmobs:cachalot_whale_tooth":1,"minecraft:crimson_fungus":32,"minecraft:oak_log":7,"minecraft:gunpowder":3,"minecraft:cobblestone_wall":4,"minecraft:white_banner":1,"tombstone:gift":1,"minecraft:cooked_mutton":1,"irons_spellbooks:common_ink":1,"minecraft:apple":3,"minecraft:kelp":143,"minecraft:wild_armor_trim_smithing_template":2,"minecraft:spruce_wood":29,"minecraft:iron_ingot":39,"tombstone:bag_of_seeds":1,"minecraft:dark_oak_stairs":3,"minecraft:flowering_azalea":8,"minecraft:book":104,"minecraft:dark_oak_slab":1,"minecraft:gravel":30,"minecraft:spruce_sapling":61,"minecraft:blast_furnace":1,"minecraft:spruce_log":371,"minecraft:spider_eye":6,"travelersbackpack:standard":9,"minecraft:pumpkin_seeds":4,"minecraft:polished_diorite":5,"minecraft:iron_helmet":1,"minecraft:baked_potato":1,"tombstone:magic_scroll":5,"minecraft:melon_seeds":23,"minecraft:coal":360,"minecraft:ender_pearl":1},"minecraft:custom":{"minecraft:interact_with_crafting_table":74,"minecraft:open_barrel":23,"goblintraders:trade_with_goblin":34,"minecraft:leave_game":6,"minecraft:time_since_death":35594,"minecraft:damage_resisted":24,"minecraft:sprint_one_cm":837467,"minecraft:damage_blocked_by_shield":4485,"minecraft:drop":134,"minecraft:play_noteblock":1,"minecraft:play_time":522062,"minecraft:deaths":16,"minecraft:jump":6159,"minecraft:walk_on_water_one_cm":262159,"minecraft:interact_with_furnace":75,"minecraft:interact_with_cartography_table":2,"minecraft:sleep_in_bed":2,"minecraft:damage_dealt":36819,"minecraft:player_kills":1,"minecraft:crouch_one_cm":17875,"tombstone:undead_killed":156,"minecraft:interact_with_smoker":3,"minecraft:mob_kills":204,"minecraft:climb_one_cm":33164,"minecraft:walk_one_cm":1169432,"minecraft:sneak_time":9773,"minecraft:walk_under_water_one_cm":289987,"minecraft:boat_one_cm":1108987,"minecraft:interact_with_lectern":3,"minecraft:interact_with_blast_furnace":2,"minecraft:total_world_time":522062,"tombstone:raider_killed":2,"minecraft:tune_noteblock":9,"minecraft:time_since_rest":35135,"minecraft:damage_taken":14852,"minecraft:damage_absorbed":120,"minecraft:swim_one_cm":297251,"minecraft:fly_one_cm":716220,"minecraft:open_chest":162,"minecraft:fall_one_cm":141404},"minecraft:crafted":{"minecraft:oak_planks":14,"minecraft:cooked_mutton":2,"minecraft:iron_boots":2,"minecraft:stone_hoe":3,"minecraft:emerald":1,"minecraft:cooked_porkchop":4,"variantvanillablocks:spruce_crafting_table":6,"minecraft:crafting_table":2,"minecraft:spruce_planks":1384,"minecraft:iron_helmet":2,"minecraft:wooden_pickaxe":1,"minecraft:baked_potato":81,"minecraft:golden_pickaxe":3,"minecraft:iron_chestplate":2,"minecraft:shield":2,"minecraft:stick":228,"minecraft:iron_ingot":174,"minecraft:iron_pickaxe":9,"minecraft:stone_sword":1,"minecraft:gold_ingot":93,"minecraft:spruce_fence_gate":1,"minecraft:stone_shovel":1,"minecraft:iron_nugget":45,"minecraft:furnace":8,"variantvanillablocks:spruce_smoker":2,"minecraft:bone_meal":84,"minecraft:flint_and_steel":2,"variantvanillablocks:spruce_chest":14,"minecraft:lantern":5,"minecraft:iron_hoe":1,"minecraft:stone_pickaxe":2,"minecraft:cobblestone_wall":30,"minecraft:spruce_boat":1,"minecraft:dark_oak_planks":4,"minecraft:cooked_cod":2,"minecraft:diamond_sword":1,"minecraft:iron_sword":2,"minecraft:cooked_salmon":7,"minecraft:bucket":1,"minecraft:stone_axe":3,"minecraft:bread":5,"minecraft:air":0,"minecraft:white_wool":3,"minecraft:wooden_axe":3,"minecraft:iron_shovel":2,"minecraft:iron_leggings":2,"minecraft:white_bed":1,"minecraft:torch":76},"minecraft:broken":{"minecraft:iron_boots":1,"minecraft:iron_chestplate":1,"minecraft:iron_leggings":1,"minecraft:stone_pickaxe":2,"minecraft:iron_sword":2,"minecraft:wooden_axe":3,"minecraft:stone_sword":1,"minecraft:iron_pickaxe":4,"minecraft:iron_helmet":1,"minecraft:golden_pickaxe":3},"minecraft:killed":{"minecraft:cave_spider":4,"minecraft:witch":2,"minecraft:spider":13,"minecraft:skeleton":71,"minecraft:chicken":2,"irons_spellbooks:summoned_skeleton":1,"minecraft:tropical_fish":7,"minecraft:zombie_villager":1,"minecraft:salmon":8,"irons_spellbooks:necromancer":1,"minecraft:creeper":2,"minecraft:zombie":71,"irons_spellbooks:summoned_zombie":3,"minecraft:zoglin":1,"minecraft:drowned":2,"alexsmobs:rocky_roller":2,"minecraft:husk":5,"minecraft:enderman":2}},"DataVersion":3465}