{"stats":{"minecraft:killed":{"minecraft:cave_spider":4,"irons_spellbooks:summoned_zombie":3,"minecraft:witch":2,"minecraft:spider":6,"minecraft:skeleton":27,"minecraft:drowned":2,"irons_spellbooks:summoned_skeleton":1,"minecraft:tropical_fish":7,"minecraft:zombie_villager":1,"minecraft:salmon":8,"irons_spellbooks:necromancer":1,"minecraft:creeper":2,"minecraft:zombie":47,"minecraft:enderman":1},"minecraft:dropped":{"minecraft:clay":3,"minecraft:moss_block":42,"minecraft:wheat_seeds":4,"minecraft:mossy_cobblestone":1,"minecraft:chest_minecart":4,"minecraft:granite":2,"minecraft:cracked_stone_bricks":1,"minecraft:activator_rail":2,"minecraft:rail":4,"minecraft:dirt":9,"minecraft:diorite":3,"tombstone:grave_key":3,"tombstone:grave_dust":1,"irons_spellbooks:arcane_essence":1,"minecraft:flowering_azalea":5,"minecraft:gravel":6,"minecraft:moss_carpet":2,"minecraft:detector_rail":7,"minecraft:tuff":2,"minecraft:rotten_flesh":2,"minecraft:clay_ball":4,"minecraft:filled_map":2,"minecraft:poppy":1,"minecraft:big_dripleaf":10,"minecraft:leather_chestplate":1,"minecraft:andesite":5,"minecraft:azalea":2},"minecraft:picked_up":{"irons_spellbooks:scroll":1,"minecraft:clay_ball":131,"minecraft:chest_minecart":4,"minecraft:enchanted_book":1,"tombstone:grave_key":1,"minecraft:string":46,"minecraft:moss_carpet":6,"variantvanillablocks:spruce_crafting_table":1,"minecraft:activator_rail":2,"minecraft:cracked_stone_bricks":2,"irons_spellbooks:arcane_essence":10,"minecraft:cobbled_deepslate":146,"minecraft:detector_rail":7,"tombstone:scroll_of_unstable_intangibility":1,"minecraft:spruce_planks":19,"minecraft:poppy":1,"minecraft:azalea":4,"irons_spellbooks:blank_rune":1,"minecraft:sugar_cane":24,"minecraft:sandstone":61,"minecraft:stick":12,"minecraft:raw_iron":246,"minecraft:big_dripleaf":15,"minecraft:oak_fence":5,"minecraft:torch":69,"tombstone:grave_dust":13,"minecraft:diorite":4,"minecraft:redstone":163,"minecraft:prismarine_crystals":3,"minecraft:tnt":1,"minecraft:arrow":25,"minecraft:rotten_flesh":58,"minecraft:tropical_fish":13,"minecraft:glow_berries":79,"minecraft:cod":2,"minecraft:rail":34,"minecraft:cobblestone":546,"minecraft:andesite":14,"minecraft:salmon":8,"minecraft:leather":3,"alexsmobs:cachalot_whale_tooth":1,"minecraft:potato":114,"minecraft:filled_map":3,"minecraft:flint":2,"minecraft:tuff":3,"minecraft:oak_log":7,"minecraft:gunpowder":3,"minecraft:lantern":1,"minecraft:lapis_lazuli":120,"minecraft:dirt":120,"tombstone:gift":1,"minecraft:name_tag":2,"irons_spellbooks:common_ink":1,"minecraft:bone":29,"minecraft:kelp":143,"minecraft:bow":3,"minecraft:wheat_seeds":17,"minecraft:raw_gold":90,"minecraft:iron_ingot":7,"tombstone:bag_of_seeds":1,"minecraft:powered_rail":3,"minecraft:moss_block":48,"minecraft:flowering_azalea":8,"minecraft:oak_planks":13,"minecraft:gravel":23,"minecraft:sand":105,"minecraft:spruce_sapling":22,"minecraft:ink_sac":17,"minecraft:spruce_log":226,"minecraft:spider_eye":3,"minecraft:mossy_cobblestone":2,"minecraft:bundle":1,"travelersbackpack:standard":2,"minecraft:pumpkin_seeds":4,"minecraft:clay":3,"minecraft:diamond":15,"minecraft:spruce_boat":2,"minecraft:granite":8,"minecraft:golden_apple":2,"minecraft:bread":6,"minecraft:baked_potato":1,"tombstone:magic_scroll":5,"minecraft:melon_seeds":11,"minecraft:coal":169},"minecraft:crafted":{"minecraft:oak_planks":14,"minecraft:stone_shovel":1,"minecraft:iron_nugget":45,"minecraft:furnace":6,"minecraft:bone_meal":54,"minecraft:cooked_mutton":2,"minecraft:flint_and_steel":2,"variantvanillablocks:spruce_chest":14,"minecraft:lantern":5,"minecraft:iron_boots":1,"minecraft:iron_hoe":1,"minecraft:stone_pickaxe":2,"minecraft:stone_hoe":2,"minecraft:cooked_cod":2,"minecraft:emerald":1,"minecraft:cooked_porkchop":4,"variantvanillablocks:spruce_crafting_table":4,"minecraft:crafting_table":2,"minecraft:spruce_planks":816,"minecraft:baked_potato":4,"minecraft:wooden_pickaxe":1,"minecraft:iron_helmet":1,"minecraft:iron_sword":2,"minecraft:golden_pickaxe":3,"minecraft:cooked_salmon":7,"minecraft:bucket":1,"minecraft:stone_axe":1,"minecraft:bread":5,"minecraft:air":0,"minecraft:white_wool":3,"minecraft:iron_chestplate":1,"minecraft:shield":1,"minecraft:stick":212,"minecraft:iron_ingot":174,"minecraft:iron_pickaxe":7,"minecraft:wooden_axe":3,"minecraft:stone_sword":1,"minecraft:iron_leggings":1,"minecraft:iron_shovel":2,"minecraft:gold_ingot":93,"minecraft:white_bed":1,"minecraft:torch":76},"minecraft:used":{"minecraft:moss_block":1,"minecraft:stone_sword":135,"minecraft:iron_shovel":99,"minecraft:flint_and_steel":26,"minecraft:tropical_fish":13,"minecraft:stone_shovel":129,"minecraft:spruce_planks":12,"minecraft:shield":70,"minecraft:iron_sword":300,"minecraft:cooked_salmon":9,"minecraft:rotten_flesh":41,"minecraft:torch":119,"minecraft:dirt":109,"minecraft:tuff":1,"minecraft:axolotl_bucket":2,"minecraft:milk_bucket":11,"minecraft:spruce_boat":2,"minecraft:iron_hoe":80,"variantvanillablocks:spruce_crafting_table":5,"minecraft:wooden_axe":192,"minecraft:lantern":6,"minecraft:furnace":6,"minecraft:cooked_cod":4,"tombstone:gift":5,"minecraft:potato":160,"minecraft:cobbled_deepslate":41,"minecraft:cooked_mutton":2,"minecraft:water_bucket":26,"minecraft:stone_pickaxe":260,"minecraft:baked_potato":4,"minecraft:wooden_pickaxe":47,"minecraft:sandstone":24,"minecraft:golden_apple":2,"minecraft:glow_berries":95,"minecraft:sand":34,"minecraft:tnt":3,"minecraft:crafting_table":2,"minecraft:white_bed":1,"tombstone:bag_of_seeds":1,"minecraft:bread":9,"minecraft:iron_pickaxe":928,"minecraft:spruce_sapling":5,"minecraft:stone_axe":90,"minecraft:gravel":3,"minecraft:cobblestone":375,"variantvanillablocks:spruce_chest":14,"minecraft:cooked_porkchop":4,"minecraft:andesite":8,"minecraft:bucket":29,"alexsmobs:animal_dictionary":1,"minecraft:bone_meal":54,"minecraft:golden_pickaxe":97,"minecraft:experience_bottle":1},"minecraft:broken":{"minecraft:stone_sword":1,"minecraft:stone_pickaxe":2,"minecraft:iron_sword":1,"minecraft:iron_pickaxe":3,"minecraft:golden_pickaxe":3,"minecraft:wooden_axe":3},"minecraft:mined":{"minecraft:diamond_ore":5,"minecraft:tuff":3,"minecraft:mossy_cobblestone":1,"minecraft:deepslate_diamond_ore":10,"minecraft:sea_lantern":1,"minecraft:cave_vines_plant":56,"minecraft:granite":9,"minecraft:grass_block":41,"minecraft:kelp":90,"minecraft:spruce_leaves":16,"minecraft:moss_block":37,"minecraft:sandstone":65,"minecraft:spawner":2,"minecraft:tall_seagrass":3,"minecraft:redstone_ore":6,"minecraft:iron_ore":140,"minecraft:cobbled_deepslate":1,"minecraft:andesite":14,"minecraft:deepslate_lapis_ore":10,"minecraft:big_dripleaf_stem":1,"minecraft:potatoes":30,"minecraft:dirt_path":1,"minecraft:cave_vines":133,"minecraft:deepslate_iron_ore":52,"minecraft:vine":1,"minecraft:lantern":1,"variantvanillablocks:spruce_crafting_table":1,"minecraft:azalea":3,"minecraft:stone":527,"minecraft:podzol":68,"minecraft:deepslate_redstone_ore":30,"minecraft:flowering_azalea":2,"minecraft:kelp_plant":13,"travelersbackpack:standard":1,"minecraft:clay":7,"minecraft:torch":29,"minecraft:tall_grass":11,"minecraft:cobblestone":14,"minecraft:deepslate_coal_ore":9,"minecraft:lapis_ore":9,"minecraft:deepslate_gold_ore":67,"minecraft:sugar_cane":11,"minecraft:diorite":4,"minecraft:wall_torch":14,"minecraft:big_dripleaf":4,"minecraft:seagrass":2,"minecraft:spruce_log":263,"minecraft:tnt":1,"minecraft:grass":17,"minecraft:oak_log":4,"minecraft:coal_ore":118,"minecraft:gravel":24,"minecraft:sand":113,"minecraft:dirt":11,"minecraft:cobweb":30,"minecraft:cracked_stone_bricks":1,"minecraft:small_dripleaf":3,"minecraft:gold_ore":27,"minecraft:deepslate":126,"minecraft:fern":13},"minecraft:killed_by":{"minecraft:player":2,"minecraft:creeper":1,"goat_man:goat_man":2,"siren_head:siren_head":2,"man:managgresive":1,"siren_head:siren_head_crawl_had_to_make_seprate_entity_for_this_ver":1},"minecraft:custom":{"minecraft:mob_kills":113,"minecraft:interact_with_crafting_table":52,"minecraft:open_barrel":4,"goblintraders:trade_with_goblin":34,"minecraft:leave_game":4,"minecraft:time_since_death":152327,"minecraft:climb_one_cm":3937,"minecraft:sprint_one_cm":519573,"minecraft:walk_one_cm":732839,"minecraft:damage_blocked_by_shield":2535,"minecraft:drop":47,"minecraft:play_time":339723,"minecraft:sneak_time":7186,"minecraft:deaths":9,"minecraft:walk_under_water_one_cm":226553,"minecraft:boat_one_cm":284005,"minecraft:jump":4009,"minecraft:walk_on_water_one_cm":188259,"minecraft:total_world_time":339723,"minecraft:interact_with_furnace":59,"tombstone:raider_killed":2,"minecraft:sleep_in_bed":1,"minecraft:time_since_rest":99192,"minecraft:damage_taken":5852,"minecraft:damage_absorbed":80,"minecraft:damage_dealt":19080,"minecraft:player_kills":1,"minecraft:swim_one_cm":199985,"minecraft:fly_one_cm":394564,"minecraft:crouch_one_cm":12601,"minecraft:open_chest":103,"tombstone:undead_killed":82,"minecraft:fall_one_cm":77929}},"DataVersion":3465}