{"stats":{"minecraft:used":{"minecraft:stone_sword":22,"minecraft:spruce_planks":15,"minecraft:rotten_flesh":5,"minecraft:stone_axe":102,"minecraft:cobblestone":1,"alexsmobs:animal_dictionary":1},"minecraft:mined":{"minecraft:spruce_planks":1,"minecraft:spruce_log":101},"minecraft:dropped":{"alexsmobs:animal_dictionary":1,"minecraft:spruce_planks":64,"slenderman:slender_book":1,"minecraft:cobblestone":29},"minecraft:picked_up":{"minecraft:stick":3,"minecraft:spruce_sapling":5,"tombstone:grave_dust":2,"minecraft:spruce_log":100,"alexsmobs:animal_dictionary":1,"minecraft:arrow":2,"minecraft:bone":2,"minecraft:rotten_flesh":5,"minecraft:spruce_planks":1},"minecraft:crafted":{"minecraft:spruce_planks":140,"minecraft:stick":4,"minecraft:stone_pickaxe":1,"minecraft:stone_sword":1,"minecraft:stone_axe":1},"minecraft:custom":{"minecraft:time_since_rest":11690,"minecraft:interact_with_furnace":3,"minecraft:sprint_one_cm":43682,"minecraft:damage_taken":145,"minecraft:walk_one_cm":17504,"minecraft:mob_kills":5,"minecraft:drop":4,"minecraft:damage_dealt":919,"minecraft:swim_one_cm":952,"minecraft:interact_with_crafting_table":3,"minecraft:fly_one_cm":70950,"minecraft:open_chest":11,"minecraft:crouch_one_cm":242,"minecraft:play_time":11690,"tombstone:undead_killed":5,"minecraft:sneak_time":293,"minecraft:walk_under_water_one_cm":1771,"minecraft:jump":340,"minecraft:leave_game":1,"minecraft:time_since_death":11690,"minecraft:walk_on_water_one_cm":3710,"minecraft:total_world_time":11690,"minecraft:fall_one_cm":10516},"minecraft:killed":{"minecraft:skeleton":2,"minecraft:zombie":3}},"DataVersion":3465}