{"stats":{"minecraft:dropped":{"minecraft:wheat_seeds":10,"minecraft:dark_oak_sapling":2,"minecraft:birch_sapling":4,"minecraft:rotten_flesh":1,"duneons:dungeonscharreddirt":1,"minecraft:dirt":2,"duneons:bigmonstera":2,"tombstone:grave_key":2,"duneons:rampartbrazier":1,"minecraft:oak_sapling":3,"tombstone:grave_dust":4,"minecraft:spider_eye":1,"minecraft:sand":1,"minecraft:wooden_pickaxe":1,"minecraft:string":2,"minecraft:bone":8,"minecraft:egg":1},"minecraft:custom":{"minecraft:interact_with_furnace":13,"minecraft:mob_kills":13,"tombstone:raider_killed":2,"minecraft:interact_with_crafting_table":17,"minecraft:leave_game":8,"minecraft:time_since_death":30045,"minecraft:time_since_rest":28159,"minecraft:sprint_one_cm":207942,"minecraft:damage_taken":1150,"minecraft:walk_one_cm":163573,"minecraft:drop":29,"minecraft:damage_dealt":1890,"minecraft:player_kills":1,"minecraft:swim_one_cm":19322,"minecraft:fly_one_cm":290719,"minecraft:open_chest":9,"minecraft:crouch_one_cm":7577,"minecraft:play_time":56389,"tombstone:undead_killed":6,"minecraft:deaths":3,"minecraft:sneak_time":2854,"minecraft:walk_under_water_one_cm":24325,"minecraft:jump":1411,"minecraft:walk_on_water_one_cm":12101,"minecraft:total_world_time":56389,"minecraft:fall_one_cm":40056},"minecraft:used":{"minecraft:birch_planks":46,"minecraft:stone_pickaxe":50,"duneons:ravagergatewood_3":1,"minecraft:wooden_pickaxe":16,"minecraft:rotten_flesh":3,"minecraft:torch":1,"variantvanillablocks:dark_oak_crafting_table":2,"minecraft:crafting_table":1,"variantvanillablocks:birch_crafting_table":3,"minecraft:carrot":8,"minecraft:wooden_axe":207,"minecraft:apple":1,"minecraft:iron_pickaxe":10,"duneons:ravagergateiron":1,"minecraft:wooden_sword":81,"minecraft:furnace":3,"minecraft:cooked_porkchop":4,"tombstone:gift":4,"minecraft:egg":1,"minecraft:dark_oak_sapling":3},"minecraft:mined":{"minecraft:diamond_ore":1,"minecraft:dark_oak_log":88,"minecraft:grass_block":1,"duneons:crystalblue":2,"minecraft:tall_grass":16,"minecraft:birch_planks":2,"minecraft:furnace":2,"minecraft:birch_log":44,"minecraft:iron_ore":14,"minecraft:birch_leaves":1,"duneons:shieldmobspawner":1,"duneons:bigmonstera":1,"variantvanillablocks:birch_crafting_table":1,"duneons:pattern":1,"minecraft:grass":43,"duneons:supportbeamwood":1,"minecraft:oak_log":43,"minecraft:coal_ore":14,"minecraft:dirt":1,"duneons:lamppostdown":1,"duneons:dungeonscharreddirt":3,"minecraft:stone":34,"minecraft:gold_ore":1},"minecraft:picked_up":{"minecraft:birch_log":42,"duneons:dungeonscharreddirt":3,"duneons:crystalblue":6,"minecraft:birch_planks":58,"minecraft:oak_log":41,"tombstone:grave_key":2,"minecraft:dirt":4,"minecraft:string":2,"minecraft:bone":8,"minecraft:apple":1,"duneons:bigmonstera":2,"variantvanillablocks:birch_crafting_table":1,"minecraft:wheat_seeds":10,"minecraft:raw_gold":1,"minecraft:iron_ingot":3,"minecraft:birch_sapling":4,"duneons:supportbeamwood":1,"minecraft:egg":2,"minecraft:furnace":2,"minecraft:dark_oak_sapling":5,"minecraft:stick":16,"minecraft:raw_iron":16,"minecraft:cooked_porkchop":1,"duneons:rampartbrazier":1,"minecraft:sand":1,"minecraft:porkchop":4,"duneons:testblock":1,"tombstone:grave_dust":2,"minecraft:dark_oak_log":77,"minecraft:spider_eye":1,"minecraft:arrow":1,"minecraft:rotten_flesh":4,"minecraft:diamond":1,"minecraft:emerald":1,"duneons:lamppostdown":1,"minecraft:oak_sapling":3,"minecraft:coal":18,"minecraft:cobblestone":33},"minecraft:broken":{"minecraft:wooden_axe":2},"minecraft:killed_by":{"minecraft:player":1,"minecraft:skeleton":2},"minecraft:killed":{"minecraft:pig":3,"minecraft:spider":2,"minecraft:skeleton":4,"minecraft:pillager":2,"minecraft:zombie":2},"minecraft:crafted":{"minecraft:wooden_sword":1,"minecraft:oak_planks":60,"minecraft:cooked_porkchop":3,"minecraft:crafting_table":1,"minecraft:wooden_pickaxe":1,"minecraft:furnace":1,"minecraft:birch_planks":168,"minecraft:air":0,"minecraft:stick":8,"minecraft:iron_pickaxe":1,"minecraft:iron_ingot":3,"variantvanillablocks:dark_oak_crafting_table":2,"minecraft:stone_pickaxe":1,"minecraft:wooden_axe":3,"variantvanillablocks:birch_crafting_table":2,"minecraft:dark_oak_planks":308,"minecraft:torch":36}},"DataVersion":3465}