{"stats":{"minecraft:mined":{"minecraft:spruce_planks":1,"minecraft:white_bed":1,"minecraft:tall_grass":3,"minecraft:cobblestone":3,"minecraft:spruce_leaves":1,"minecraft:wall_torch":1,"minecraft:magma_block":1,"minecraft:furnace":2,"minecraft:light_gray_wool":3,"minecraft:spruce_log":101,"minecraft:pumpkin":4,"minecraft:grass":7,"minecraft:bookshelf":6,"minecraft:lantern":1,"minecraft:gravel":2,"minecraft:stone_bricks":1,"minecraft:stone":11,"minecraft:mossy_stone_bricks":1},"minecraft:used":{"minecraft:cooked_mutton":1,"minecraft:water_bucket":3,"minecraft:stone_sword":90,"minecraft:stone_pickaxe":23,"minecraft:spruce_planks":17,"minecraft:cooked_chicken":1,"minecraft:cooked_salmon":1,"minecraft:rotten_flesh":21,"minecraft:torch":17,"minecraft:cod":5,"minecraft:spruce_boat":1,"variantvanillablocks:spruce_crafting_table":5,"minecraft:lantern":1,"minecraft:bread":3,"minecraft:stone_axe":116,"minecraft:cobblestone":1,"minecraft:furnace":2,"minecraft:bucket":3,"alexsmobs:animal_dictionary":1,"minecraft:stripped_spruce_wood":1},"minecraft:killed_by":{"man:managgresive":1,"minecraft:player":1,"irons_spellbooks:pyromancer":1,"siren_head:siren_head":1},"minecraft:dropped":{"minecraft:wheat_seeds":3,"alexsmobs:animal_dictionary":1,"tombstone:gift":1,"slenderman:slender_book":1,"minecraft:cobblestone":29,"minecraft:rotten_flesh":1,"minecraft:beehive":4,"minecraft:cracked_stone_bricks":3,"minecraft:spruce_fence":1,"minecraft:filled_map":1,"minecraft:spruce_planks":64,"tombstone:grave_dust":3,"minecraft:stone_bricks":2,"minecraft:pumpkin":4,"minecraft:stripped_spruce_wood":4,"minecraft:spruce_sapling":5},"minecraft:picked_up":{"minecraft:charcoal":13,"minecraft:magma_block":1,"minecraft:chicken":1,"minecraft:leather":2,"minecraft:stripped_spruce_wood":2,"minecraft:stone_brick_stairs":1,"irons_spellbooks:rare_ink":1,"minecraft:string":1,"minecraft:lantern":1,"minecraft:cooked_salmon":1,"minecraft:bone":6,"minecraft:stone_bricks":3,"minecraft:cracked_stone_bricks":3,"minecraft:wheat_seeds":5,"minecraft:candle":9,"minecraft:spruce_planks":62,"minecraft:iron_ingot":6,"minecraft:beef":4,"minecraft:light_gray_wool":3,"minecraft:furnace":2,"minecraft:book":18,"minecraft:beehive":4,"minecraft:stick":3,"minecraft:pumpkin":4,"minecraft:torch":1,"minecraft:spruce_fence":1,"minecraft:porkchop":1,"extermination:alien_battery":2,"minecraft:spruce_sapling":5,"minecraft:white_bed":1,"tombstone:grave_dust":3,"extermination:scrap_metal":10,"minecraft:spruce_log":149,"alexsmobs:animal_dictionary":1,"minecraft:arrow":2,"minecraft:rotten_flesh":23,"minecraft:bread":3,"minecraft:mutton":2,"minecraft:white_wool":2,"minecraft:cobblestone":18},"minecraft:crafted":{"variantvanillablocks:spruce_crafting_table":5,"minecraft:spruce_planks":140,"minecraft:cooked_chicken":1,"minecraft:furnace":1,"minecraft:stone_axe":1,"minecraft:cooked_mutton":1,"minecraft:air":0,"minecraft:light_gray_bed":1,"minecraft:charcoal":2,"minecraft:shield":1,"minecraft:stick":20,"minecraft:stone_pickaxe":1,"minecraft:stone_sword":1,"minecraft:spruce_boat":1,"minecraft:torch":60},"minecraft:custom":{"minecraft:interact_with_furnace":13,"minecraft:mob_kills":22,"minecraft:interact_with_crafting_table":11,"minecraft:open_barrel":30,"minecraft:interact_with_campfire":4,"minecraft:leave_game":2,"minecraft:time_since_death":5129,"minecraft:climb_one_cm":1557,"minecraft:time_since_rest":4339,"minecraft:sprint_one_cm":169217,"minecraft:damage_taken":1567,"minecraft:walk_one_cm":190216,"minecraft:drop":17,"minecraft:damage_dealt":3795,"minecraft:swim_one_cm":21986,"minecraft:fly_one_cm":365265,"minecraft:open_chest":15,"minecraft:crouch_one_cm":2253,"minecraft:play_time":59561,"tombstone:undead_killed":12,"minecraft:deaths":4,"minecraft:sneak_time":1005,"minecraft:walk_under_water_one_cm":13031,"minecraft:boat_one_cm":33708,"minecraft:interact_with_lectern":1,"minecraft:jump":1710,"minecraft:walk_on_water_one_cm":13542,"minecraft:total_world_time":59561,"minecraft:fall_one_cm":41335},"minecraft:killed":{"extermination:tripod_body_snowy":1,"minecraft:pig":2,"alexsmobs:seal":1,"minecraft:spider":1,"minecraft:sheep":2,"minecraft:skeleton":5,"minecraft:zombie":7,"minecraft:chicken":1,"minecraft:cow":2}},"DataVersion":3465}