{"stats":{"minecraft:used":{"minecraft:stone_sword":141,"minecraft:spruce_planks":17,"minecraft:shield":5,"minecraft:iron_sword":230,"minecraft:cooked_salmon":1,"minecraft:cooked_chicken":1,"minecraft:rotten_flesh":30,"minecraft:torch":77,"minecraft:spruce_boat":1,"variantvanillablocks:spruce_crafting_table":5,"minecraft:lantern":1,"minecraft:furnace":2,"minecraft:light_gray_bed":1,"minecraft:stripped_spruce_wood":1,"minecraft:cooked_mutton":1,"minecraft:water_bucket":4,"minecraft:stone_pickaxe":23,"minecraft:cod":5,"minecraft:spruce_log":7,"minecraft:bread":4,"minecraft:iron_pickaxe":65,"minecraft:stone_axe":116,"minecraft:cobblestone":46,"minecraft:porkchop":1,"minecraft:bucket":4,"alexsmobs:animal_dictionary":1},"minecraft:mined":{"minecraft:tuff":4,"minecraft:spruce_planks":1,"minecraft:white_bed":1,"minecraft:deepslate_diamond_ore":6,"minecraft:spruce_leaves":1,"minecraft:spawner":2,"epicpaladins:deepslate_arclight_ore":3,"minecraft:magma_block":1,"minecraft:furnace":2,"minecraft:iron_ore":9,"minecraft:pumpkin":4,"minecraft:bookshelf":6,"minecraft:deepslate_iron_ore":7,"minecraft:lantern":1,"minecraft:stone":12,"minecraft:player_head":1,"minecraft:red_banner":1,"minecraft:torch":1,"minecraft:blast_furnace":2,"minecraft:calcite":1,"minecraft:tall_grass":4,"minecraft:cobblestone":3,"minecraft:deepslate_gold_ore":6,"minecraft:wall_torch":3,"epicpaladins:deepslate_cryorium_ore":8,"minecraft:spruce_log":101,"minecraft:light_gray_wool":3,"minecraft:grass":7,"minecraft:coal_ore":1,"minecraft:gravel":4,"minecraft:cobweb":4,"minecraft:stone_bricks":1,"minecraft:mossy_stone_bricks":1,"minecraft:deepslate":12},"minecraft:killed_by":{"minecraft:husk":4,"minecraft:player":2,"irons_spellbooks:pyromancer":1,"siren_head:siren_head":1,"man:managgresive":1,"apollyon:the_damned":1,"irons_spellbooks:necromancer":5,"siren_head:siren_head_crawl_had_to_make_seprate_entity_for_this_ver":1,"minecraft:skeleton":2,"minecraft:zombie":1},"minecraft:dropped":{"minecraft:bread":32,"minecraft:wheat_seeds":4,"minecraft:mossy_cobblestone":1,"slenderman:slender_book":1,"minecraft:orange_tulip":1,"minecraft:cobblestone":30,"minecraft:cracked_stone_bricks":3,"minecraft:dirt":21,"minecraft:torch":1,"minecraft:cornflower":6,"tombstone:grave_dust":3,"minecraft:pumpkin":4,"minecraft:mossy_cobblestone_stairs":1,"minecraft:string":7,"minecraft:spruce_sapling":5,"minecraft:gravel":2,"alexsmobs:animal_dictionary":2,"minecraft:cobbled_deepslate":12,"minecraft:tuff":4,"tombstone:gift":3,"minecraft:rotten_flesh":7,"minecraft:beehive":4,"minecraft:white_bed":1,"minecraft:spruce_fence":1,"minecraft:filled_map":1,"minecraft:gunpowder":1,"minecraft:spruce_planks":64,"minecraft:stone_bricks":2,"minecraft:blue_orchid":2,"minecraft:calcite":1,"minecraft:stripped_spruce_wood":4,"minecraft:magma_block":1},"minecraft:picked_up":{"minecraft:charcoal":13,"minecraft:chicken":1,"minecraft:stone_brick_stairs":1,"minecraft:string":9,"minecraft:cornflower":5,"minecraft:cooked_salmon":1,"minecraft:blue_orchid":2,"minecraft:cracked_stone_bricks":3,"minecraft:cobbled_deepslate":13,"minecraft:candle":9,"minecraft:spruce_planks":62,"minecraft:beef":4,"minecraft:calcite":1,"minecraft:player_head":1,"minecraft:light_gray_wool":3,"minecraft:spruce_slab":1,"minecraft:furnace":2,"minecraft:beehive":4,"minecraft:stick":3,"minecraft:raw_iron":16,"epicpaladins:arclight_gem":3,"minecraft:torch":6,"minecraft:spruce_fence":1,"minecraft:porkchop":1,"extermination:alien_battery":2,"tombstone:grave_dust":8,"extermination:scrap_metal":10,"alexsmobs:crocodile_scute":3,"minecraft:dark_oak_planks":1,"epicpaladins:cryorium_gem":8,"minecraft:arrow":2,"minecraft:rotten_flesh":40,"minecraft:mutton":2,"minecraft:white_wool":2,"minecraft:cobblestone":28,"minecraft:magma_block":1,"minecraft:leather":2,"minecraft:tuff":4,"minecraft:stripped_spruce_wood":2,"minecraft:gunpowder":1,"minecraft:dirt":21,"minecraft:lantern":1,"irons_spellbooks:rare_ink":1,"minecraft:bone":6,"minecraft:stone_bricks":3,"minecraft:wheat_seeds":6,"minecraft:orange_tulip":1,"minecraft:raw_gold":6,"minecraft:iron_ingot":6,"minecraft:book":18,"minecraft:pumpkin":4,"minecraft:gravel":2,"minecraft:spruce_sapling":5,"minecraft:red_banner":1,"minecraft:blast_furnace":2,"minecraft:white_bed":1,"minecraft:spruce_log":149,"alexsmobs:animal_dictionary":1,"minecraft:mossy_cobblestone":1,"minecraft:diamond":6,"minecraft:mossy_cobblestone_stairs":1,"minecraft:bread":3,"minecraft:coal":1},"minecraft:crafted":{"minecraft:cooked_chicken":1,"minecraft:furnace":1,"minecraft:cooked_mutton":1,"minecraft:stone_pickaxe":1,"minecraft:spruce_boat":1,"variantvanillablocks:spruce_crafting_table":5,"minecraft:spruce_planks":152,"minecraft:iron_sword":1,"minecraft:stone_axe":1,"minecraft:air":0,"minecraft:light_gray_bed":1,"minecraft:charcoal":2,"minecraft:shield":1,"minecraft:stick":28,"minecraft:stone_sword":1,"minecraft:torch":80},"minecraft:custom":{"minecraft:mob_kills":53,"minecraft:interact_with_crafting_table":12,"minecraft:open_barrel":30,"minecraft:interact_with_campfire":4,"minecraft:leave_game":4,"minecraft:time_since_death":4646,"minecraft:climb_one_cm":1557,"minecraft:sprint_one_cm":266428,"minecraft:walk_one_cm":308959,"minecraft:damage_blocked_by_shield":135,"minecraft:drop":40,"minecraft:play_time":100130,"minecraft:deaths":21,"minecraft:sneak_time":6520,"minecraft:walk_under_water_one_cm":15571,"minecraft:boat_one_cm":33708,"minecraft:interact_with_lectern":1,"minecraft:jump":2655,"minecraft:interact_with_blast_furnace":1,"minecraft:walk_on_water_one_cm":15222,"minecraft:total_world_time":100130,"minecraft:interact_with_furnace":13,"minecraft:time_since_rest":3946,"minecraft:damage_taken":6382,"tombstone:sneak_grave":1,"minecraft:damage_dealt":15669,"minecraft:swim_one_cm":27163,"minecraft:fly_one_cm":506739,"minecraft:open_chest":16,"minecraft:crouch_one_cm":15592,"tombstone:undead_killed":40,"minecraft:fall_one_cm":66306},"minecraft:broken":{"minecraft:stone_sword":1},"minecraft:killed":{"minecraft:spider":3,"minecraft:skeleton":5,"minecraft:chicken":1,"irons_spellbooks:summoned_skeleton":1,"extermination:tripod_body_snowy":1,"minecraft:husk":27,"minecraft:pig":2,"alexsmobs:seal":1,"minecraft:sheep":2,"minecraft:zombie":7,"alexsmobs:crocodile":1,"minecraft:cow":2}},"DataVersion":3465}