{"stats":{"minecraft:mined":{"minecraft:spruce_planks":1,"minecraft:white_bed":1,"minecraft:red_banner":1,"minecraft:blast_furnace":2,"minecraft:calcite":1,"minecraft:tall_grass":4,"minecraft:cobblestone":3,"minecraft:spruce_leaves":1,"minecraft:wall_torch":1,"minecraft:spawner":2,"minecraft:magma_block":1,"minecraft:furnace":2,"minecraft:spruce_log":101,"minecraft:light_gray_wool":3,"minecraft:pumpkin":4,"minecraft:grass":7,"minecraft:bookshelf":6,"minecraft:coal_ore":1,"minecraft:lantern":1,"minecraft:gravel":2,"minecraft:stone_bricks":1,"minecraft:stone":11,"minecraft:mossy_stone_bricks":1,"minecraft:player_head":1},"minecraft:used":{"minecraft:cooked_mutton":1,"minecraft:water_bucket":3,"minecraft:stone_sword":141,"minecraft:stone_pickaxe":23,"minecraft:spruce_planks":17,"minecraft:shield":1,"minecraft:iron_sword":205,"minecraft:cooked_salmon":1,"minecraft:cooked_chicken":1,"minecraft:rotten_flesh":29,"minecraft:torch":47,"minecraft:cod":5,"minecraft:spruce_log":7,"minecraft:spruce_boat":1,"variantvanillablocks:spruce_crafting_table":5,"minecraft:lantern":1,"minecraft:bread":3,"minecraft:iron_pickaxe":9,"minecraft:stone_axe":116,"minecraft:cobblestone":46,"minecraft:furnace":2,"minecraft:porkchop":1,"minecraft:bucket":3,"alexsmobs:animal_dictionary":1,"minecraft:light_gray_bed":1,"minecraft:stripped_spruce_wood":1},"minecraft:killed_by":{"minecraft:husk":4,"man:managgresive":1,"apollyon:the_damned":1,"minecraft:player":2,"irons_spellbooks:pyromancer":1,"siren_head:siren_head_crawl_had_to_make_seprate_entity_for_this_ver":1,"minecraft:skeleton":2,"siren_head:siren_head":1},"minecraft:dropped":{"minecraft:wheat_seeds":3,"alexsmobs:animal_dictionary":1,"minecraft:mossy_cobblestone":1,"slenderman:slender_book":1,"tombstone:gift":2,"minecraft:cobblestone":29,"minecraft:rotten_flesh":1,"minecraft:beehive":4,"minecraft:cracked_stone_bricks":3,"minecraft:white_bed":1,"minecraft:spruce_fence":1,"minecraft:filled_map":1,"minecraft:spruce_planks":64,"tombstone:grave_dust":3,"minecraft:stone_bricks":2,"minecraft:pumpkin":4,"minecraft:mossy_cobblestone_stairs":1,"minecraft:stripped_spruce_wood":4,"minecraft:spruce_sapling":5},"minecraft:picked_up":{"minecraft:charcoal":13,"minecraft:magma_block":1,"minecraft:chicken":1,"minecraft:leather":2,"minecraft:stone_brick_stairs":1,"minecraft:stripped_spruce_wood":2,"minecraft:gunpowder":1,"minecraft:cornflower":5,"minecraft:string":1,"minecraft:dirt":21,"minecraft:lantern":1,"minecraft:cooked_salmon":1,"irons_spellbooks:rare_ink":1,"minecraft:bone":6,"minecraft:blue_orchid":2,"minecraft:stone_bricks":3,"minecraft:cracked_stone_bricks":3,"minecraft:orange_tulip":1,"minecraft:wheat_seeds":6,"minecraft:candle":9,"minecraft:spruce_planks":62,"minecraft:iron_ingot":6,"minecraft:beef":4,"minecraft:player_head":1,"minecraft:calcite":1,"minecraft:light_gray_wool":3,"minecraft:spruce_slab":1,"minecraft:furnace":2,"minecraft:book":18,"minecraft:beehive":4,"minecraft:stick":3,"minecraft:pumpkin":4,"minecraft:torch":2,"minecraft:spruce_fence":1,"minecraft:porkchop":1,"extermination:alien_battery":2,"minecraft:white_bed":1,"minecraft:red_banner":1,"minecraft:spruce_sapling":5,"minecraft:blast_furnace":2,"tombstone:grave_dust":8,"minecraft:spruce_log":149,"extermination:scrap_metal":10,"alexsmobs:crocodile_scute":3,"alexsmobs:animal_dictionary":1,"minecraft:mossy_cobblestone":1,"minecraft:dark_oak_planks":1,"minecraft:arrow":2,"minecraft:rotten_flesh":40,"minecraft:mossy_cobblestone_stairs":1,"minecraft:bread":3,"minecraft:mutton":2,"minecraft:coal":1,"minecraft:white_wool":2,"minecraft:cobblestone":27},"minecraft:crafted":{"variantvanillablocks:spruce_crafting_table":5,"minecraft:spruce_planks":152,"minecraft:cooked_chicken":1,"minecraft:iron_sword":1,"minecraft:furnace":1,"minecraft:stone_axe":1,"minecraft:cooked_mutton":1,"minecraft:air":0,"minecraft:light_gray_bed":1,"minecraft:charcoal":2,"minecraft:shield":1,"minecraft:stick":24,"minecraft:stone_pickaxe":1,"minecraft:stone_sword":1,"minecraft:spruce_boat":1,"minecraft:torch":60},"minecraft:custom":{"minecraft:interact_with_furnace":13,"minecraft:mob_kills":50,"minecraft:interact_with_crafting_table":12,"minecraft:open_barrel":30,"minecraft:interact_with_campfire":4,"minecraft:leave_game":3,"minecraft:time_since_death":2180,"minecraft:climb_one_cm":1557,"minecraft:time_since_rest":1839,"minecraft:sprint_one_cm":219712,"minecraft:damage_taken":4907,"minecraft:walk_one_cm":252737,"minecraft:damage_blocked_by_shield":30,"minecraft:drop":21,"minecraft:damage_dealt":14853,"minecraft:swim_one_cm":27163,"minecraft:fly_one_cm":463502,"minecraft:open_chest":16,"minecraft:play_time":82395,"minecraft:crouch_one_cm":9276,"tombstone:undead_killed":39,"minecraft:deaths":15,"minecraft:sneak_time":4037,"minecraft:walk_under_water_one_cm":13410,"minecraft:boat_one_cm":33708,"minecraft:interact_with_lectern":1,"minecraft:jump":2305,"minecraft:interact_with_blast_furnace":1,"minecraft:walk_on_water_one_cm":15117,"minecraft:total_world_time":82395,"minecraft:fall_one_cm":58893},"minecraft:broken":{"minecraft:stone_sword":1},"minecraft:killed":{"extermination:tripod_body_snowy":1,"minecraft:husk":27,"minecraft:pig":2,"alexsmobs:seal":1,"minecraft:spider":1,"minecraft:sheep":2,"minecraft:skeleton":5,"minecraft:zombie":7,"alexsmobs:crocodile":1,"minecraft:chicken":1,"minecraft:cow":2}},"DataVersion":3465}