{"stats":{"minecraft:used":{"minecraft:moss_block":59,"minecraft:moss_carpet":15,"minecraft:iron_shovel":316,"minecraft:spruce_slab":427,"minecraft:chest":1,"minecraft:shield":19,"minecraft:stone":2,"minecraft:iron_sword":74,"minecraft:player_head":2,"minecraft:rotten_flesh":7,"minecraft:iron_chestplate":1,"minecraft:spruce_leaves":2,"minecraft:carrot":10,"minecraft:axolotl_bucket":3,"minecraft:spruce_boat":14,"variantvanillablocks:spruce_crafting_table":12,"minecraft:grass_block":1,"minecraft:stone_brick_stairs":1,"minecraft:sweet_berries":8,"minecraft:furnace":6,"minecraft:potato":37,"minecraft:damaged_anvil":1,"minecraft:stone_pickaxe":152,"minecraft:wooden_pickaxe":3,"minecraft:composter":1,"tombstone:scroll_of_true_sight":1,"minecraft:glow_berries":2,"minecraft:mushroom_stew":1,"minecraft:blast_furnace":1,"minecraft:shears":2,"minecraft:bread":36,"minecraft:gravel":1,"variantvanillablocks:spruce_chest":62,"minecraft:smithing_table":1,"minecraft:coarse_dirt":5,"minecraft:bone_meal":16,"minecraft:azalea":4,"minecraft:flint_and_steel":7,"minecraft:tropical_fish":1,"minecraft:spruce_planks":378,"minecraft:stone_hoe":115,"minecraft:cooked_chicken":1,"minecraft:torch":103,"minecraft:dirt":264,"minecraft:dark_oak_planks":1,"minecraft:flowering_azalea":2,"minecraft:iron_axe":596,"minecraft:iron_boots":1,"tombstone:gift":3,"minecraft:cooked_beef":1,"minecraft:iron_leggings":1,"minecraft:wheat_seeds":67,"minecraft:water_bucket":102,"minecraft:bundle":2,"minecraft:glass_bottle":2,"minecraft:white_bed":7,"minecraft:spruce_log":1,"minecraft:cake":1,"minecraft:iron_pickaxe":68,"minecraft:spruce_sapling":17,"minecraft:stone_axe":528,"minecraft:cobblestone":13,"minecraft:potion":6,"travelersbackpack:standard":3,"minecraft:porkchop":2,"minecraft:white_banner":1,"minecraft:cooked_porkchop":10,"minecraft:red_banner":1,"minecraft:bucket":107},"minecraft:mined":{"minecraft:dark_oak_planks":10,"minecraft:waxed_cut_copper_slab":1,"minecraft:spruce_planks":204,"minecraft:white_bed":8,"minecraft:red_nether_bricks":1,"minecraft:cave_vines_plant":1,"minecraft:granite":2,"minecraft:grass_block":82,"minecraft:coal_block":5,"minecraft:composter":1,"minecraft:spawner":5,"minecraft:iron_ore":13,"minecraft:fire":28,"minecraft:moss_carpet":4,"variantvanillablocks:spruce_chest":10,"minecraft:dark_oak_stairs":1,"minecraft:cave_vines":2,"minecraft:dirt_path":1,"minecraft:azalea":2,"travelersbackpack:black_sleeping_bag":1,"minecraft:white_banner":1,"minecraft:stripped_mangrove_wood":1,"minecraft:player_head":2,"minecraft:spruce_slab":40,"minecraft:brown_mushroom":4,"minecraft:polished_deepslate_stairs":1,"minecraft:torch":2,"minecraft:blast_furnace":7,"minecraft:calcite":20,"minecraft:chest":2,"minecraft:cobblestone":5,"minecraft:sugar_cane":3,"minecraft:damaged_anvil":2,"minecraft:wall_torch":6,"minecraft:cauldron":2,"minecraft:stone_stairs":1,"minecraft:wheat":22,"minecraft:birch_trapdoor":1,"minecraft:torchflower_crop":6,"minecraft:jukebox":1,"minecraft:stone_brick_stairs":1,"minecraft:grass":12,"minecraft:sand":38,"minecraft:dirt":122,"minecraft:ladder":3,"minecraft:spruce_fence":10,"minecraft:spruce_leaves":8,"minecraft:moss_block":55,"minecraft:large_fern":1,"minecraft:hay_block":14,"minecraft:spruce_sapling":4,"minecraft:furnace":4,"minecraft:carrots":3,"minecraft:waxed_oxidized_cut_copper_slab":1,"minecraft:peony":1,"minecraft:bookshelf":51,"minecraft:potatoes":10,"variantvanillablocks:spruce_crafting_table":8,"minecraft:stone":70,"minecraft:podzol":83,"minecraft:smithing_table":1,"minecraft:flowering_azalea":1,"minecraft:red_banner":1,"minecraft:crafting_table":1,"minecraft:lectern":1,"minecraft:campfire":1,"minecraft:tall_grass":7,"minecraft:diorite":1,"minecraft:spruce_stairs":2,"minecraft:black_stained_glass":2,"epicpaladins:bloodstone_ore":3,"minecraft:sweet_berry_bush":4,"minecraft:torchflower":3,"minecraft:spruce_log":431,"minecraft:birch_leaves":3,"minecraft:red_wall_banner":1,"minecraft:coal_ore":68,"minecraft:gravel":7,"minecraft:cyan_carpet":2,"minecraft:cracked_stone_bricks":1,"minecraft:stone_bricks":1,"minecraft:mossy_stone_bricks":1,"minecraft:gold_ore":1,"minecraft:fern":5},"minecraft:killed_by":{"man:managgresive":1,"minecraft:player":2},"minecraft:dropped":{"minecraft:iron_sword":2,"alexsmobs:banana_slug_slime":2,"minecraft:glass_bottle":4,"minecraft:spore_blossom":1,"minecraft:cooked_porkchop":1,"slenderman:slender_book":1,"minecraft:red_mushroom":1,"minecraft:emerald":5,"minecraft:dirt":1,"tombstone:scroll_of_true_sight":1,"minecraft:pumpkin_pie":8,"minecraft:amethyst_shard":8,"minecraft:glistering_melon_slice":14,"travelersbackpack:backpack_tank":4,"minecraft:cauldron":2,"minecraft:bone":5,"minecraft:crimson_fungus":32,"minecraft:stone_axe":1,"minecraft:obsidian":2,"minecraft:beetroot":10,"minecraft:rotten_flesh":12,"minecraft:carrot":25,"minecraft:birch_trapdoor":1,"travelersbackpack:white_sleeping_bag":2,"minecraft:ladder":3,"minecraft:spruce_slab":28,"minecraft:red_nether_bricks":2,"variantvanillablocks:spruce_chest":2,"minecraft:enchanted_book":3,"minecraft:water_bucket":2,"minecraft:iron_ingot":33,"minecraft:bread":23,"minecraft:wheat_seeds":9,"minecraft:smithing_table":1,"minecraft:cobblestone":7,"minecraft:book":153,"minecraft:coal":56,"minecraft:coal_block":4,"minecraft:mushroom_stew":2,"minecraft:stick":9,"irons_spellbooks:scroll":1,"minecraft:diorite":1,"minecraft:diamond_helmet":1,"minecraft:wither_rose":1,"minecraft:string":10,"minecraft:gray_carpet":1,"minecraft:spruce_sapling":4,"minecraft:moss_carpet":1,"minecraft:sweet_berries":5,"minecraft:player_head":1,"minecraft:jukebox":1,"minecraft:bowl":1,"epicpaladins:bloodstone_gem":3,"minecraft:red_banner":1,"minecraft:damaged_anvil":1,"minecraft:spruce_fence":20,"minecraft:filled_map":1,"minecraft:potato":2,"minecraft:hay_block":5,"minecraft:peony":1,"minecraft:spruce_planks":7,"minecraft:mossy_stone_bricks":1,"minecraft:stone_bricks":1,"minecraft:spruce_log":24,"minecraft:stone_pickaxe":1,"minecraft:raw_gold":2,"minecraft:calcite":16},"minecraft:picked_up":{"irons_spellbooks:scroll":1,"minecraft:wheat":24,"minecraft:smithing_table":2,"minecraft:lead":4,"minecraft:potion":2,"minecraft:enchanted_book":3,"minecraft:stone_brick_stairs":1,"minecraft:string":17,"minecraft:red_nether_bricks":2,"epicpaladins:bloodstone_gem":6,"minecraft:beetroot":20,"irons_spellbooks:arcane_essence":2,"minecraft:spruce_planks":131,"minecraft:calcite":16,"minecraft:azalea":4,"minecraft:coal_block":9,"minecraft:furnace":4,"minecraft:stick":10,"minecraft:jukebox":2,"minecraft:composter":2,"minecraft:birch_trapdoor":1,"minecraft:polished_deepslate_stairs":1,"minecraft:torch":27,"minecraft:porkchop":8,"tombstone:grave_dust":17,"minecraft:diorite":1,"minecraft:cauldron":2,"minecraft:rotten_flesh":110,"minecraft:tropical_fish":1,"minecraft:obsidian":4,"minecraft:cobblestone":87,"minecraft:cooked_beef":1,"minecraft:feather":2,"minecraft:water_bucket":1,"minecraft:andesite":2,"minecraft:potato":39,"minecraft:dirt":290,"minecraft:bone":13,"travelersbackpack:backpack_tank":4,"minecraft:wheat_seeds":78,"minecraft:raw_gold":4,"minecraft:mossy_stone_bricks":1,"minecraft:diamond_helmet":1,"minecraft:moss_block":59,"minecraft:ghast_tear":1,"minecraft:cooked_porkchop":9,"minecraft:sand":39,"minecraft:grass_block":1,"travelersbackpack:white_sleeping_bag":2,"minecraft:bundle":1,"minecraft:spruce_boat":15,"minecraft:granite":2,"minecraft:bone_meal":7,"minecraft:emerald":10,"minecraft:bread":1,"alexsmobs:banana_slug_slime":2,"minecraft:spruce_leaves":2,"minecraft:charcoal":2,"minecraft:coarse_dirt":5,"minecraft:chicken":1,"minecraft:ladder":3,"minecraft:brown_mushroom":5,"minecraft:stone_stairs":1,"minecraft:moss_carpet":17,"minecraft:flint_and_steel":1,"variantvanillablocks:spruce_crafting_table":8,"minecraft:beef":6,"minecraft:player_head":3,"travelersbackpack:black_sleeping_bag":1,"minecraft:spruce_slab":56,"minecraft:lectern":2,"minecraft:sugar_cane":8,"minecraft:chest":2,"minecraft:raw_iron":13,"minecraft:stone":2,"minecraft:spruce_fence":20,"minecraft:carrot":13,"minecraft:dark_oak_planks":1,"slenderman:slender_book":1,"minecraft:arrow":2,"minecraft:pumpkin_pie":8,"minecraft:beetroot_seeds":4,"minecraft:peony":1,"variantvanillablocks:spruce_chest":12,"minecraft:hay_block":19,"minecraft:saddle":1,"minecraft:glistering_melon_slice":14,"minecraft:glow_berries":3,"minecraft:white_wool":16,"minecraft:leather":4,"minecraft:red_mushroom":2,"minecraft:filled_map":1,"minecraft:mushroom_stew":2,"minecraft:crimson_fungus":64,"minecraft:gunpowder":3,"minecraft:white_banner":1,"minecraft:stone_bricks":1,"minecraft:apple":16,"minecraft:gray_carpet":2,"minecraft:spore_blossom":1,"minecraft:iron_ingot":12,"minecraft:glass_bottle":8,"minecraft:flowering_azalea":8,"minecraft:iron_sword":1,"minecraft:dark_oak_stairs":1,"minecraft:book":153,"minecraft:sweet_berries":15,"minecraft:torchflower_seeds":6,"minecraft:gravel":8,"minecraft:amethyst_shard":12,"minecraft:spruce_sapling":31,"minecraft:red_banner":3,"minecraft:blast_furnace":11,"minecraft:spruce_log":498,"minecraft:white_bed":6,"tombstone:scroll_of_true_sight":1,"minecraft:stone_axe":1,"tombstone:magic_scroll":2,"minecraft:damaged_anvil":2,"minecraft:coal":96,"minecraft:ender_pearl":1},"minecraft:crafted":{"minecraft:cooked_chicken":1,"tombstone:ankh_of_prayer":1,"minecraft:glass":36,"minecraft:iron_boots":1,"minecraft:stone_hoe":2,"minecraft:cooked_porkchop":2,"variantvanillablocks:spruce_crafting_table":6,"minecraft:spruce_planks":948,"minecraft:wooden_pickaxe":1,"travelersbackpack:standard":1,"minecraft:iron_helmet":1,"minecraft:iron_chestplate":1,"minecraft:charcoal":10,"minecraft:shield":2,"minecraft:stick":44,"minecraft:iron_pickaxe":2,"minecraft:iron_ingot":60,"minecraft:gold_ingot":28,"minecraft:shears":1,"minecraft:raw_iron":18,"minecraft:coal":45,"minecraft:furnace":3,"minecraft:bone_meal":9,"variantvanillablocks:spruce_chest":56,"travelersbackpack:white_sleeping_bag":2,"minecraft:iron_axe":4,"minecraft:spruce_slab":510,"minecraft:stone_pickaxe":2,"minecraft:spruce_boat":2,"minecraft:wheat":126,"travelersbackpack:backpack_tank":6,"minecraft:iron_sword":2,"minecraft:cooked_salmon":1,"minecraft:bucket":1,"minecraft:stone_axe":4,"minecraft:bread":44,"minecraft:air":0,"minecraft:raw_gold":18,"minecraft:iron_shovel":1,"minecraft:white_bed":2,"minecraft:torch":128},"minecraft:custom":{"minecraft:interact_with_crafting_table":64,"minecraft:open_barrel":58,"goblintraders:trade_with_goblin":35,"minecraft:eat_cake_slice":6,"minecraft:leave_game":4,"minecraft:time_since_death":375852,"minecraft:sprint_one_cm":469453,"minecraft:damage_blocked_by_shield":500,"minecraft:drop":91,"minecraft:talked_to_villager":1,"minecraft:play_time":409796,"minecraft:deaths":3,"minecraft:jump":3912,"minecraft:walk_on_water_one_cm":64139,"minecraft:interact_with_furnace":62,"minecraft:sleep_in_bed":23,"minecraft:damage_dealt":28334,"minecraft:player_kills":1,"minecraft:crouch_one_cm":134763,"tombstone:undead_killed":78,"tombstone:villager_killed":1,"minecraft:interact_with_smithing_table":1,"minecraft:mob_kills":103,"minecraft:interact_with_anvil":1,"minecraft:climb_one_cm":500,"minecraft:walk_one_cm":691264,"minecraft:sneak_time":35735,"minecraft:walk_under_water_one_cm":92264,"minecraft:boat_one_cm":442705,"minecraft:total_world_time":409796,"minecraft:pot_flower":1,"minecraft:time_since_rest":1549,"minecraft:damage_taken":2801,"minecraft:swim_one_cm":71330,"minecraft:fly_one_cm":656144,"minecraft:open_chest":256,"minecraft:fall_one_cm":81506},"minecraft:broken":{"minecraft:iron_shovel":1,"minecraft:stone_pickaxe":1,"minecraft:stone_axe":5,"minecraft:iron_axe":3},"minecraft:killed":{"minecraft:skeleton":13,"alexsmobs:banana_slug":1,"minecraft:chicken":1,"minecraft:pig":6,"alexsmobs:grizzly_bear":2,"irons_spellbooks:necromancer":1,"minecraft:creeper":2,"minecraft:trader_llama":2,"alexsmobs:flutter":1,"minecraft:zombie":16,"minecraft:ghast":1,"minecraft:cow":4,"irons_spellbooks:summoned_zombie":2,"goblintraders:goblin_trader":1,"minecraft:husk":46,"minecraft:wandering_trader":1,"minecraft:frog":1,"minecraft:enderman":1}},"DataVersion":3465}