{"stats":{"minecraft:killed":{"irons_spellbooks:summoned_zombie":2,"minecraft:skeleton":10,"minecraft:chicken":1,"minecraft:husk":46,"minecraft:pig":5,"alexsmobs:grizzly_bear":2,"minecraft:wandering_trader":1,"irons_spellbooks:necromancer":1,"minecraft:creeper":1,"minecraft:trader_llama":2,"minecraft:zombie":9},"minecraft:dropped":{"minecraft:enchanted_book":1,"minecraft:water_bucket":2,"minecraft:iron_ingot":33,"minecraft:bread":23,"minecraft:wheat_seeds":9,"minecraft:glass_bottle":4,"minecraft:smithing_table":1,"minecraft:cooked_porkchop":1,"minecraft:cobblestone":7,"minecraft:book":150,"minecraft:mushroom_stew":2,"minecraft:coal":56,"minecraft:coal_block":4,"minecraft:stick":6,"minecraft:emerald":5,"minecraft:dirt":1,"minecraft:diorite":1,"minecraft:pumpkin_pie":8,"minecraft:amethyst_shard":8,"minecraft:wither_rose":1,"minecraft:glistering_melon_slice":14,"minecraft:gray_carpet":1,"minecraft:cauldron":2,"minecraft:bone":5,"minecraft:stone_axe":1,"minecraft:sweet_berries":5,"minecraft:player_head":1,"minecraft:jukebox":1,"minecraft:bowl":1,"minecraft:obsidian":2,"minecraft:beetroot":10,"minecraft:red_banner":1,"minecraft:rotten_flesh":5,"minecraft:damaged_anvil":1,"minecraft:spruce_fence":20,"minecraft:carrot":25,"minecraft:potato":2,"minecraft:hay_block":5,"minecraft:birch_trapdoor":1,"minecraft:peony":1,"minecraft:spruce_planks":7,"minecraft:ladder":3,"minecraft:spruce_slab":28,"minecraft:red_nether_bricks":2,"minecraft:stone_pickaxe":1,"minecraft:raw_gold":2,"minecraft:calcite":16},"minecraft:picked_up":{"minecraft:spruce_leaves":2,"minecraft:charcoal":2,"minecraft:coarse_dirt":5,"minecraft:wheat":7,"minecraft:chicken":1,"minecraft:ladder":3,"minecraft:smithing_table":2,"minecraft:brown_mushroom":5,"minecraft:lead":4,"minecraft:potion":2,"minecraft:enchanted_book":1,"minecraft:stone_stairs":1,"minecraft:moss_carpet":15,"minecraft:flint_and_steel":1,"minecraft:red_nether_bricks":2,"variantvanillablocks:spruce_crafting_table":8,"minecraft:beetroot":20,"irons_spellbooks:arcane_essence":2,"minecraft:spruce_planks":128,"minecraft:player_head":3,"minecraft:calcite":16,"minecraft:azalea":4,"minecraft:spruce_slab":52,"minecraft:lectern":2,"minecraft:coal_block":9,"minecraft:sugar_cane":8,"minecraft:chest":2,"minecraft:furnace":4,"minecraft:stick":2,"minecraft:raw_iron":13,"minecraft:jukebox":2,"minecraft:composter":2,"minecraft:birch_trapdoor":1,"minecraft:polished_deepslate_stairs":1,"minecraft:torch":11,"minecraft:spruce_fence":20,"minecraft:porkchop":5,"tombstone:grave_dust":17,"minecraft:diorite":1,"minecraft:carrot":3,"minecraft:cauldron":2,"minecraft:dark_oak_planks":1,"minecraft:arrow":2,"minecraft:rotten_flesh":98,"minecraft:tropical_fish":1,"minecraft:pumpkin_pie":8,"minecraft:peony":1,"variantvanillablocks:spruce_chest":3,"minecraft:hay_block":19,"minecraft:saddle":1,"minecraft:glistering_melon_slice":14,"minecraft:glow_berries":3,"minecraft:obsidian":4,"minecraft:white_wool":16,"minecraft:cobblestone":83,"minecraft:feather":2,"minecraft:cooked_beef":1,"minecraft:water_bucket":1,"minecraft:andesite":2,"minecraft:leather":4,"minecraft:potato":2,"minecraft:mushroom_stew":2,"minecraft:gunpowder":1,"minecraft:dirt":204,"minecraft:white_banner":1,"minecraft:bone":8,"minecraft:apple":13,"minecraft:gray_carpet":2,"minecraft:wheat_seeds":32,"minecraft:raw_gold":4,"minecraft:iron_ingot":12,"minecraft:glass_bottle":8,"minecraft:moss_block":59,"minecraft:flowering_azalea":8,"minecraft:dark_oak_stairs":1,"minecraft:book":150,"minecraft:cooked_porkchop":9,"minecraft:sweet_berries":15,"minecraft:torchflower_seeds":6,"minecraft:gravel":8,"minecraft:amethyst_shard":12,"minecraft:red_banner":2,"minecraft:spruce_sapling":12,"minecraft:blast_furnace":11,"minecraft:white_bed":2,"minecraft:spruce_log":200,"minecraft:bundle":1,"minecraft:spruce_boat":8,"minecraft:stone_axe":1,"minecraft:granite":2,"minecraft:bone_meal":7,"minecraft:bread":1,"minecraft:emerald":10,"tombstone:magic_scroll":2,"minecraft:damaged_anvil":2,"minecraft:coal":95},"minecraft:crafted":{"minecraft:coal":27,"minecraft:cooked_chicken":1,"minecraft:furnace":3,"minecraft:bone_meal":9,"variantvanillablocks:spruce_chest":4,"minecraft:iron_boots":1,"minecraft:iron_axe":2,"minecraft:spruce_slab":384,"minecraft:stone_pickaxe":2,"minecraft:spruce_boat":1,"minecraft:stone_hoe":2,"minecraft:wheat":81,"minecraft:cooked_porkchop":2,"variantvanillablocks:spruce_crafting_table":3,"minecraft:spruce_planks":280,"minecraft:wooden_pickaxe":1,"minecraft:iron_helmet":1,"minecraft:bucket":1,"minecraft:stone_axe":4,"minecraft:bread":29,"minecraft:air":0,"minecraft:iron_chestplate":1,"minecraft:charcoal":10,"minecraft:shield":1,"minecraft:stick":40,"minecraft:iron_ingot":8,"minecraft:iron_pickaxe":1,"minecraft:white_bed":1,"minecraft:torch":72,"minecraft:shears":1},"minecraft:used":{"minecraft:moss_carpet":15,"minecraft:iron_shovel":155,"minecraft:flint_and_steel":7,"minecraft:tropical_fish":1,"minecraft:spruce_slab":270,"minecraft:chest":1,"minecraft:spruce_planks":295,"minecraft:shield":10,"minecraft:cooked_chicken":1,"minecraft:rotten_flesh":7,"minecraft:stone_hoe":112,"minecraft:player_head":2,"minecraft:iron_chestplate":1,"minecraft:spruce_leaves":2,"minecraft:torch":82,"minecraft:dirt":202,"minecraft:axolotl_bucket":3,"variantvanillablocks:spruce_crafting_table":9,"minecraft:spruce_boat":7,"minecraft:dark_oak_planks":1,"minecraft:flowering_azalea":2,"minecraft:iron_axe":249,"minecraft:sweet_berries":8,"minecraft:furnace":6,"tombstone:gift":3,"minecraft:cooked_beef":1,"minecraft:iron_leggings":1,"minecraft:wheat_seeds":23,"minecraft:damaged_anvil":1,"minecraft:water_bucket":54,"minecraft:bundle":1,"minecraft:stone_pickaxe":152,"minecraft:glass_bottle":2,"minecraft:wooden_pickaxe":3,"minecraft:composter":1,"minecraft:glow_berries":2,"minecraft:mushroom_stew":1,"minecraft:blast_furnace":1,"minecraft:white_bed":3,"minecraft:spruce_log":1,"minecraft:shears":2,"minecraft:cake":1,"minecraft:iron_pickaxe":52,"minecraft:bread":15,"minecraft:gravel":1,"minecraft:spruce_sapling":8,"minecraft:stone_axe":528,"minecraft:porkchop":2,"minecraft:potion":6,"minecraft:cobblestone":9,"variantvanillablocks:spruce_chest":7,"minecraft:white_banner":1,"minecraft:cooked_porkchop":10,"minecraft:red_banner":1,"minecraft:bucket":59,"minecraft:coarse_dirt":5,"minecraft:bone_meal":16,"minecraft:azalea":4,"minecraft:moss_block":59},"minecraft:broken":{"minecraft:stone_pickaxe":1,"minecraft:iron_axe":1,"minecraft:stone_axe":5},"minecraft:mined":{"minecraft:waxed_cut_copper_slab":1,"minecraft:spruce_planks":157,"minecraft:white_bed":4,"minecraft:red_nether_bricks":1,"minecraft:cave_vines_plant":1,"minecraft:ladder":3,"minecraft:granite":2,"minecraft:grass_block":47,"minecraft:spruce_fence":10,"minecraft:coal_block":5,"minecraft:spruce_leaves":4,"minecraft:composter":1,"minecraft:moss_block":55,"minecraft:spawner":4,"minecraft:large_fern":1,"minecraft:hay_block":14,"minecraft:spruce_sapling":4,"minecraft:furnace":4,"minecraft:iron_ore":13,"minecraft:fire":15,"minecraft:waxed_oxidized_cut_copper_slab":1,"minecraft:moss_carpet":4,"minecraft:peony":1,"variantvanillablocks:spruce_chest":3,"minecraft:dark_oak_stairs":1,"minecraft:bookshelf":51,"minecraft:cave_vines":2,"variantvanillablocks:spruce_crafting_table":8,"minecraft:azalea":2,"minecraft:stripped_mangrove_wood":1,"minecraft:stone":68,"minecraft:white_banner":1,"minecraft:player_head":2,"minecraft:spruce_slab":35,"minecraft:smithing_table":1,"minecraft:podzol":49,"minecraft:brown_mushroom":4,"minecraft:flowering_azalea":1,"minecraft:polished_deepslate_stairs":1,"minecraft:torch":1,"minecraft:crafting_table":1,"minecraft:blast_furnace":7,"minecraft:calcite":20,"minecraft:chest":2,"minecraft:campfire":1,"minecraft:lectern":1,"minecraft:tall_grass":4,"minecraft:cobblestone":1,"minecraft:damaged_anvil":2,"minecraft:sugar_cane":3,"minecraft:diorite":1,"minecraft:wall_torch":2,"minecraft:cauldron":2,"minecraft:spruce_stairs":2,"minecraft:stone_stairs":1,"minecraft:black_stained_glass":2,"minecraft:sweet_berry_bush":4,"minecraft:wheat":7,"minecraft:birch_trapdoor":1,"minecraft:spruce_log":147,"minecraft:torchflower_crop":6,"minecraft:jukebox":1,"minecraft:red_wall_banner":1,"minecraft:grass":9,"minecraft:coal_ore":67,"minecraft:cyan_carpet":2,"minecraft:gravel":7,"minecraft:dirt":64,"minecraft:gold_ore":1,"minecraft:fern":5,"minecraft:dark_oak_planks":10},"minecraft:killed_by":{"minecraft:player":2,"man:managgresive":1},"minecraft:custom":{"minecraft:mob_kills":80,"minecraft:interact_with_crafting_table":40,"minecraft:open_barrel":24,"minecraft:leave_game":1,"minecraft:time_since_death":148340,"minecraft:climb_one_cm":500,"minecraft:sprint_one_cm":261297,"minecraft:walk_one_cm":498029,"minecraft:damage_blocked_by_shield":310,"minecraft:drop":64,"minecraft:talked_to_villager":1,"minecraft:play_time":182284,"minecraft:deaths":3,"minecraft:sneak_time":23614,"minecraft:walk_under_water_one_cm":46993,"minecraft:boat_one_cm":159916,"minecraft:jump":2207,"minecraft:walk_on_water_one_cm":35171,"minecraft:total_world_time":182284,"minecraft:interact_with_furnace":28,"minecraft:pot_flower":1,"minecraft:sleep_in_bed":6,"minecraft:time_since_rest":77440,"minecraft:damage_taken":2295,"minecraft:damage_dealt":24387,"minecraft:player_kills":1,"minecraft:swim_one_cm":36153,"minecraft:fly_one_cm":357694,"minecraft:open_chest":64,"minecraft:crouch_one_cm":90797,"tombstone:undead_killed":68,"tombstone:villager_killed":1,"minecraft:fall_one_cm":46263}},"DataVersion":3465}