{"stats":{"minecraft:used":{"minecraft:moss_block":59,"minecraft:moss_carpet":15,"minecraft:red_sand":2,"minecraft:iron_shovel":317,"minecraft:spruce_slab":427,"minecraft:chest":1,"minecraft:black_carpet":3,"minecraft:shield":81,"minecraft:stone":2,"minecraft:iron_sword":310,"minecraft:player_head":3,"minecraft:rotten_flesh":7,"minecraft:iron_chestplate":1,"minecraft:spruce_leaves":2,"minecraft:carrot":10,"minecraft:axolotl_bucket":3,"minecraft:spruce_boat":27,"variantvanillablocks:spruce_crafting_table":16,"tombstone:decorative_grave_simple":1,"minecraft:lava_bucket":1,"minecraft:grass_block":1,"minecraft:stone_brick_stairs":1,"minecraft:stone_bricks":2,"minecraft:sweet_berries":8,"minecraft:furnace":7,"minecraft:potato":37,"minecraft:damaged_anvil":1,"minecraft:stone_pickaxe":152,"minecraft:wooden_pickaxe":3,"minecraft:composter":1,"tombstone:scroll_of_true_sight":1,"minecraft:golden_apple":1,"minecraft:glow_berries":2,"minecraft:sand":3,"minecraft:mushroom_stew":1,"minecraft:blast_furnace":1,"minecraft:shears":2,"minecraft:bread":74,"tombstone:grave_key":4,"minecraft:gravel":1,"variantvanillablocks:spruce_chest":62,"minecraft:smithing_table":1,"minecraft:coarse_dirt":5,"minecraft:bone_meal":16,"minecraft:azalea":4,"minecraft:flint_and_steel":7,"minecraft:cracked_deepslate_bricks":2,"minecraft:tropical_fish":1,"minecraft:spruce_planks":414,"minecraft:stone_hoe":115,"minecraft:cooked_chicken":1,"minecraft:torch":145,"minecraft:dirt":282,"minecraft:dark_oak_planks":1,"minecraft:flowering_azalea":2,"minecraft:iron_axe":716,"minecraft:iron_boots":1,"tombstone:gift":11,"minecraft:cooked_beef":16,"minecraft:cobbled_deepslate":67,"minecraft:iron_leggings":1,"minecraft:calcite":30,"minecraft:wheat_seeds":67,"minecraft:water_bucket":138,"minecraft:bundle":2,"minecraft:glass_bottle":2,"minecraft:cobblestone_slab":2,"minecraft:mossy_cobblestone":3,"minecraft:white_bed":7,"minecraft:spruce_log":1,"minecraft:cake":2,"minecraft:iron_pickaxe":348,"tombstone:magic_scroll":4,"minecraft:spruce_sapling":17,"minecraft:stone_axe":528,"minecraft:potion":6,"tombstone:ankh_of_prayer":15,"minecraft:cobblestone":37,"travelersbackpack:standard":13,"minecraft:porkchop":2,"minecraft:white_banner":1,"minecraft:cooked_porkchop":13,"minecraft:bucket":144,"minecraft:red_banner":1},"minecraft:mined":{"minecraft:dark_oak_planks":10,"minecraft:waxed_cut_copper_slab":1,"minecraft:spruce_planks":224,"minecraft:white_bed":8,"minecraft:red_nether_bricks":1,"minecraft:brewing_stand":1,"minecraft:cave_vines_plant":1,"minecraft:granite":2,"minecraft:red_sand":6,"minecraft:grass_block":83,"minecraft:coal_block":7,"minecraft:composter":1,"minecraft:spawner":8,"minecraft:iron_ore":13,"minecraft:cobbled_deepslate":9,"minecraft:fire":29,"minecraft:moss_carpet":4,"minecraft:black_carpet":1,"variantvanillablocks:spruce_chest":10,"minecraft:dark_oak_stairs":1,"minecraft:pointed_dripstone":3,"minecraft:cave_vines":2,"minecraft:dirt_path":1,"minecraft:azalea":2,"travelersbackpack:black_sleeping_bag":1,"minecraft:stripped_mangrove_wood":1,"minecraft:white_banner":1,"minecraft:player_head":3,"minecraft:spruce_slab":42,"minecraft:brown_mushroom":4,"minecraft:polished_deepslate_stairs":1,"minecraft:torch":2,"minecraft:blast_furnace":7,"minecraft:calcite":90,"minecraft:chest":2,"minecraft:cobblestone":5,"minecraft:damaged_anvil":2,"minecraft:sugar_cane":3,"minecraft:wall_torch":8,"minecraft:cauldron":2,"slenderman:slenderman_note_first":1,"minecraft:stone_stairs":1,"slenderman:slenderman_note_4":1,"slenderman:slenderman_note_5":1,"minecraft:yellow_wool":1,"minecraft:wheat":22,"minecraft:birch_trapdoor":1,"minecraft:torchflower_crop":6,"minecraft:jukebox":1,"minecraft:stone_brick_stairs":1,"minecraft:grass":16,"minecraft:dirt":123,"minecraft:sand":38,"minecraft:deepslate":85,"minecraft:mossy_cobblestone":1,"minecraft:gray_stained_glass_pane":1,"minecraft:ladder":3,"minecraft:spruce_fence":10,"minecraft:spruce_leaves":9,"minecraft:moss_block":55,"minecraft:large_fern":1,"minecraft:hay_block":14,"minecraft:spruce_sapling":4,"minecraft:furnace":5,"minecraft:carrots":3,"slenderman:slenderman_note_3":1,"slenderman:slenderman_note_6":1,"minecraft:waxed_oxidized_cut_copper_slab":1,"minecraft:andesite":20,"minecraft:gold_block":1,"minecraft:peony":1,"minecraft:polished_deepslate":7,"minecraft:bookshelf":52,"minecraft:potatoes":10,"variantvanillablocks:spruce_crafting_table":8,"slenderman:slenderman_note_7":1,"irons_spellbooks:inscription_table":1,"minecraft:stone":124,"minecraft:podzol":83,"minecraft:smithing_table":1,"minecraft:flowering_azalea":1,"minecraft:red_banner":1,"travelersbackpack:standard":4,"minecraft:crafting_table":1,"slenderman:slenderman_note_2":1,"minecraft:lectern":1,"minecraft:campfire":1,"minecraft:tall_grass":8,"minecraft:cracked_deepslate_bricks":3,"minecraft:diorite":1,"minecraft:spruce_stairs":2,"minecraft:purple_bed":1,"minecraft:black_stained_glass":2,"epicpaladins:bloodstone_ore":3,"minecraft:sweet_berry_bush":4,"minecraft:torchflower":3,"minecraft:spruce_log":524,"minecraft:birch_leaves":3,"minecraft:red_wall_banner":1,"minecraft:coal_ore":68,"minecraft:cyan_carpet":2,"minecraft:gravel":15,"minecraft:dripstone_block":2,"minecraft:cracked_stone_bricks":3,"minecraft:stone_bricks":5,"minecraft:mossy_stone_bricks":3,"minecraft:gold_ore":3,"minecraft:fern":5},"minecraft:killed_by":{"man:managgresive":2,"siren_head:siren_head_crawl_had_to_make_seprate_entity_for_this_ver":2,"alexsmobs:grizzly_bear":1,"minecraft:husk":1,"minecraft:player":2,"minecraft:skeleton":1},"minecraft:dropped":{"minecraft:iron_sword":2,"minecraft:dark_oak_stairs":6,"alexsmobs:banana_slug_slime":2,"minecraft:oak_log":2,"minecraft:glass_bottle":4,"minecraft:ender_pearl":1,"minecraft:spore_blossom":1,"minecraft:cooked_porkchop":1,"slenderman:slender_book":1,"minecraft:dark_oak_slab":1,"minecraft:cracked_stone_bricks":1,"minecraft:red_mushroom":1,"minecraft:item_frame":1,"minecraft:emerald":5,"minecraft:dirt":1,"minecraft:cornflower":1,"tombstone:scroll_of_true_sight":1,"minecraft:pumpkin_pie":8,"minecraft:amethyst_shard":8,"minecraft:glistering_melon_slice":14,"minecraft:iron_pickaxe":1,"travelersbackpack:backpack_tank":4,"minecraft:dark_oak_planks":4,"minecraft:cauldron":2,"minecraft:bone":5,"minecraft:crimson_fungus":32,"minecraft:stone_axe":1,"minecraft:obsidian":2,"minecraft:beetroot":10,"minecraft:rotten_flesh":18,"minecraft:carrot":25,"minecraft:birch_trapdoor":1,"travelersbackpack:white_sleeping_bag":2,"minecraft:ladder":5,"minecraft:spruce_slab":29,"minecraft:red_nether_bricks":2,"variantvanillablocks:spruce_chest":2,"minecraft:enchanted_book":3,"minecraft:water_bucket":2,"minecraft:iron_ingot":57,"minecraft:bread":53,"minecraft:wheat_seeds":9,"minecraft:smithing_table":1,"minecraft:cobblestone":7,"minecraft:book":153,"minecraft:spruce_door":2,"minecraft:coal":56,"minecraft:coal_block":4,"minecraft:mushroom_stew":2,"minecraft:stick":11,"irons_spellbooks:scroll":1,"minecraft:deepslate_brick_stairs":1,"minecraft:diorite":1,"minecraft:diamond_helmet":1,"minecraft:wither_rose":1,"minecraft:string":10,"minecraft:gray_carpet":2,"minecraft:spruce_sapling":4,"minecraft:stone_brick_slab":1,"minecraft:moss_carpet":1,"minecraft:sweet_berries":5,"minecraft:player_head":2,"minecraft:jukebox":1,"minecraft:bowl":1,"epicpaladins:bloodstone_gem":3,"minecraft:red_banner":1,"minecraft:damaged_anvil":1,"minecraft:spruce_fence":21,"tombstone:scroll_of_unstable_intangibility":1,"minecraft:filled_map":3,"minecraft:potato":2,"minecraft:hay_block":5,"minecraft:shield":1,"minecraft:peony":1,"minecraft:spruce_planks":7,"minecraft:mossy_stone_bricks":4,"minecraft:spider_eye":1,"minecraft:stone_bricks":2,"minecraft:spruce_log":24,"minecraft:stone_pickaxe":1,"minecraft:raw_gold":2,"minecraft:calcite":16},"minecraft:picked_up":{"irons_spellbooks:scroll":3,"minecraft:wheat":24,"minecraft:black_carpet":3,"minecraft:smithing_table":2,"minecraft:lead":7,"minecraft:potion":2,"minecraft:enchanted_book":4,"minecraft:stone_brick_stairs":1,"minecraft:polished_deepslate":7,"minecraft:string":18,"minecraft:red_nether_bricks":2,"epicpaladins:bloodstone_gem":6,"minecraft:beetroot":20,"irons_spellbooks:arcane_essence":11,"minecraft:red_sand":6,"minecraft:cobbled_deepslate":80,"minecraft:spruce_planks":188,"minecraft:cobblestone_slab":2,"minecraft:calcite":93,"minecraft:azalea":4,"minecraft:iron_pickaxe":3,"alexsmobs:raccoon_tail":1,"minecraft:coal_block":11,"irons_spellbooks:inscription_table":1,"minecraft:furnace":5,"minecraft:stick":17,"minecraft:jukebox":2,"minecraft:composter":2,"minecraft:birch_trapdoor":1,"minecraft:polished_deepslate_stairs":1,"minecraft:torch":30,"minecraft:spruce_stairs":2,"minecraft:porkchop":8,"minecraft:pointed_dripstone":3,"tombstone:grave_dust":19,"minecraft:diorite":1,"extermination:scrap_metal":1,"minecraft:cauldron":2,"minecraft:rotten_flesh":118,"minecraft:tropical_fish":1,"minecraft:iron_block":1,"minecraft:blaze_rod":2,"minecraft:deepslate_brick_stairs":1,"minecraft:obsidian":4,"minecraft:blaze_powder":1,"minecraft:cobblestone":143,"minecraft:feather":2,"minecraft:cooked_beef":13,"minecraft:water_bucket":2,"minecraft:andesite":2,"minecraft:potato":39,"alexsmobs:bison_fur":3,"minecraft:flint":1,"minecraft:dirt":310,"minecraft:name_tag":6,"minecraft:glass":1,"minecraft:bone":24,"travelersbackpack:backpack_tank":4,"minecraft:bow":1,"minecraft:wheat_seeds":78,"minecraft:raw_gold":6,"minecraft:mossy_stone_bricks":5,"minecraft:diamond_helmet":1,"minecraft:moss_block":59,"minecraft:stone_hoe":1,"minecraft:honeycomb":1,"minecraft:mossy_stone_brick_stairs":1,"minecraft:ghast_tear":1,"minecraft:cooked_porkchop":12,"minecraft:sand":42,"minecraft:grass_block":1,"alexsmobs:animal_dictionary":1,"minecraft:mossy_cobblestone":1,"travelersbackpack:white_sleeping_bag":2,"minecraft:bundle":3,"minecraft:diamond":5,"minecraft:spruce_boat":26,"minecraft:soul_lantern":4,"minecraft:crossbow":1,"minecraft:granite":2,"minecraft:bone_meal":7,"minecraft:golden_apple":1,"minecraft:emerald":26,"minecraft:bread":1,"alexsmobs:banana_slug_slime":2,"minecraft:spruce_leaves":2,"minecraft:charcoal":2,"minecraft:coarse_dirt":5,"minecraft:chicken":1,"minecraft:ladder":5,"minecraft:brown_mushroom":5,"minecraft:gold_block":1,"minecraft:shield":1,"minecraft:cornflower":1,"minecraft:stone_stairs":1,"minecraft:moss_carpet":17,"minecraft:iron_axe":1,"minecraft:flint_and_steel":1,"variantvanillablocks:spruce_crafting_table":8,"minecraft:item_frame":1,"minecraft:cracked_stone_bricks":2,"tombstone:scroll_of_unstable_intangibility":1,"minecraft:beef":38,"minecraft:player_head":5,"travelersbackpack:black_sleeping_bag":1,"minecraft:spruce_slab":59,"minecraft:lectern":2,"minecraft:sugar_cane":8,"minecraft:chest":2,"minecraft:raw_iron":13,"minecraft:stone":6,"minecraft:spruce_fence":21,"minecraft:carrot":13,"minecraft:dark_oak_planks":5,"slenderman:slender_book":1,"minecraft:arrow":17,"minecraft:beetroot_seeds":4,"minecraft:pumpkin_pie":8,"minecraft:peony":1,"variantvanillablocks:spruce_chest":12,"minecraft:hay_block":19,"minecraft:cracked_deepslate_bricks":3,"minecraft:saddle":3,"minecraft:glistering_melon_slice":14,"minecraft:glow_berries":3,"minecraft:white_wool":17,"minecraft:leather":7,"minecraft:red_mushroom":2,"minecraft:filled_map":2,"minecraft:mushroom_stew":2,"minecraft:crimson_fungus":64,"minecraft:oak_log":2,"minecraft:gunpowder":3,"minecraft:white_banner":1,"irons_spellbooks:common_ink":3,"minecraft:coast_armor_trim_smithing_template":2,"minecraft:stone_bricks":6,"minecraft:apple":16,"minecraft:gray_carpet":3,"minecraft:heart_of_the_sea":1,"minecraft:spore_blossom":1,"minecraft:iron_ingot":23,"minecraft:glass_bottle":9,"minecraft:iron_sword":2,"minecraft:flowering_azalea":8,"minecraft:dark_oak_stairs":7,"minecraft:book":159,"minecraft:dark_oak_slab":1,"minecraft:sweet_berries":15,"minecraft:stone_brick_slab":2,"minecraft:dripstone_block":2,"minecraft:torchflower_seeds":6,"minecraft:gravel":8,"minecraft:amethyst_shard":12,"minecraft:spruce_sapling":40,"minecraft:red_banner":3,"minecraft:blast_furnace":11,"minecraft:white_bed":6,"minecraft:spruce_log":575,"minecraft:spruce_door":2,"minecraft:spider_eye":1,"minecraft:leather_helmet":1,"tombstone:scroll_of_true_sight":1,"travelersbackpack:standard":4,"minecraft:stone_axe":1,"minecraft:chainmail_leggings":1,"tombstone:magic_scroll":4,"minecraft:damaged_anvil":2,"minecraft:coal":96,"minecraft:ender_pearl":1},"minecraft:crafted":{"minecraft:cooked_chicken":1,"tombstone:ankh_of_prayer":1,"minecraft:glass":36,"minecraft:iron_boots":1,"minecraft:stone_hoe":2,"minecraft:cooked_porkchop":2,"variantvanillablocks:spruce_crafting_table":10,"minecraft:spruce_planks":1000,"minecraft:wooden_pickaxe":1,"travelersbackpack:standard":1,"minecraft:iron_helmet":1,"tombstone:decorative_grave_simple":1,"minecraft:iron_chestplate":1,"minecraft:charcoal":10,"minecraft:shield":3,"minecraft:stick":60,"minecraft:iron_ingot":69,"minecraft:iron_pickaxe":2,"minecraft:gold_ingot":28,"minecraft:shears":1,"minecraft:raw_iron":18,"minecraft:coal":63,"minecraft:furnace":4,"minecraft:bone_meal":9,"variantvanillablocks:spruce_chest":56,"travelersbackpack:white_sleeping_bag":2,"minecraft:iron_axe":4,"minecraft:spruce_slab":510,"minecraft:stone_pickaxe":2,"minecraft:spruce_boat":4,"minecraft:wheat":126,"minecraft:cooked_beef":16,"travelersbackpack:backpack_tank":6,"minecraft:iron_sword":2,"minecraft:cooked_salmon":1,"minecraft:bucket":1,"minecraft:stone_axe":4,"minecraft:bread":44,"minecraft:air":0,"minecraft:raw_gold":18,"tombstone:dark_marble":3,"minecraft:iron_shovel":2,"minecraft:white_bed":2,"minecraft:torch":192},"minecraft:custom":{"minecraft:interact_with_crafting_table":73,"minecraft:open_barrel":81,"goblintraders:trade_with_goblin":35,"minecraft:eat_cake_slice":7,"minecraft:leave_game":9,"minecraft:time_since_death":106833,"minecraft:damage_resisted":72,"minecraft:sprint_one_cm":757340,"minecraft:damage_blocked_by_shield":2620,"minecraft:drop":120,"minecraft:talked_to_villager":3,"minecraft:play_time":660331,"minecraft:deaths":10,"minecraft:jump":6428,"minecraft:interact_with_brewingstand":1,"minecraft:walk_on_water_one_cm":95011,"minecraft:interact_with_furnace":68,"minecraft:sleep_in_bed":36,"minecraft:damage_dealt":39427,"minecraft:player_kills":1,"minecraft:crouch_one_cm":157839,"tombstone:undead_killed":113,"tombstone:villager_killed":2,"minecraft:interact_with_smithing_table":2,"minecraft:interact_with_anvil":2,"minecraft:mob_kills":152,"minecraft:climb_one_cm":1116,"minecraft:walk_one_cm":1098138,"minecraft:sneak_time":44911,"minecraft:walk_under_water_one_cm":180676,"minecraft:boat_one_cm":1157070,"minecraft:interact_with_lectern":3,"minecraft:total_world_time":660331,"minecraft:pot_flower":1,"tombstone:pray_on_grave":1,"minecraft:time_since_rest":9352,"minecraft:damage_absorbed":40,"minecraft:damage_taken":7665,"minecraft:swim_one_cm":150005,"minecraft:fly_one_cm":1158002,"minecraft:open_chest":354,"minecraft:fall_one_cm":158152},"minecraft:broken":{"minecraft:iron_shovel":1,"minecraft:iron_boots":1,"minecraft:iron_leggings":1,"minecraft:stone_pickaxe":1,"minecraft:stone_axe":5,"minecraft:chainmail_leggings":1,"minecraft:shield":1,"minecraft:iron_axe":3,"minecraft:iron_pickaxe":1},"minecraft:killed":{"minecraft:spider":2,"minecraft:skeleton":37,"alexsmobs:banana_slug":1,"minecraft:chicken":1,"minecraft:pig":7,"alexsmobs:grizzly_bear":3,"irons_spellbooks:necromancer":1,"minecraft:creeper":2,"minecraft:trader_llama":4,"minecraft:zombie":17,"alexsmobs:flutter":1,"minecraft:ghast":1,"minecraft:cow":6,"irons_spellbooks:summoned_zombie":2,"alexsmobs:seagull":1,"alexsmobs:bison":3,"minecraft:drowned":1,"goblintraders:goblin_trader":1,"minecraft:husk":55,"minecraft:wandering_trader":2,"minecraft:frog":1,"minecraft:enderman":1}},"DataVersion":3465}