{"stats":{"minecraft:killed":{"minecraft:skeleton":13,"minecraft:chicken":1,"minecraft:pig":6,"alexsmobs:grizzly_bear":2,"irons_spellbooks:necromancer":1,"minecraft:creeper":2,"minecraft:trader_llama":2,"alexsmobs:flutter":1,"minecraft:zombie":16,"minecraft:cow":4,"irons_spellbooks:summoned_zombie":2,"goblintraders:goblin_trader":1,"minecraft:husk":46,"minecraft:wandering_trader":1,"minecraft:frog":1},"minecraft:dropped":{"minecraft:glass_bottle":4,"minecraft:spore_blossom":1,"minecraft:cooked_porkchop":1,"minecraft:emerald":5,"minecraft:dirt":1,"minecraft:pumpkin_pie":8,"minecraft:amethyst_shard":8,"minecraft:glistering_melon_slice":14,"minecraft:cauldron":2,"minecraft:bone":5,"minecraft:stone_axe":1,"minecraft:obsidian":2,"minecraft:beetroot":10,"minecraft:rotten_flesh":7,"minecraft:carrot":25,"minecraft:birch_trapdoor":1,"minecraft:ladder":3,"minecraft:spruce_slab":28,"minecraft:red_nether_bricks":2,"minecraft:water_bucket":2,"minecraft:enchanted_book":1,"minecraft:iron_ingot":33,"minecraft:bread":23,"minecraft:wheat_seeds":9,"minecraft:smithing_table":1,"minecraft:cobblestone":7,"minecraft:book":150,"minecraft:coal":56,"minecraft:coal_block":4,"minecraft:mushroom_stew":2,"minecraft:stick":6,"minecraft:diorite":1,"minecraft:wither_rose":1,"minecraft:gray_carpet":1,"minecraft:sweet_berries":5,"minecraft:player_head":1,"minecraft:jukebox":1,"minecraft:bowl":1,"minecraft:red_banner":1,"minecraft:damaged_anvil":1,"minecraft:spruce_fence":20,"minecraft:potato":2,"minecraft:hay_block":5,"minecraft:peony":1,"minecraft:spruce_planks":7,"minecraft:mossy_stone_bricks":1,"minecraft:stone_bricks":1,"minecraft:stone_pickaxe":1,"minecraft:raw_gold":2,"minecraft:calcite":16},"minecraft:picked_up":{"minecraft:wheat":7,"minecraft:smithing_table":2,"minecraft:lead":4,"minecraft:enchanted_book":1,"minecraft:potion":2,"minecraft:stone_brick_stairs":1,"minecraft:string":7,"minecraft:red_nether_bricks":2,"epicpaladins:bloodstone_gem":3,"minecraft:beetroot":20,"irons_spellbooks:arcane_essence":2,"minecraft:spruce_planks":128,"minecraft:calcite":16,"minecraft:azalea":4,"minecraft:coal_block":9,"minecraft:furnace":4,"minecraft:stick":6,"minecraft:jukebox":2,"minecraft:composter":2,"minecraft:birch_trapdoor":1,"minecraft:polished_deepslate_stairs":1,"minecraft:torch":13,"minecraft:porkchop":8,"tombstone:grave_dust":17,"minecraft:diorite":1,"minecraft:cauldron":2,"minecraft:rotten_flesh":105,"minecraft:tropical_fish":1,"minecraft:obsidian":4,"minecraft:cobblestone":83,"minecraft:feather":2,"minecraft:cooked_beef":1,"minecraft:water_bucket":1,"minecraft:andesite":2,"minecraft:potato":2,"minecraft:dirt":269,"minecraft:bone":13,"minecraft:wheat_seeds":32,"minecraft:raw_gold":4,"minecraft:mossy_stone_bricks":1,"minecraft:moss_block":59,"minecraft:cooked_porkchop":9,"minecraft:sand":36,"minecraft:bundle":1,"minecraft:spruce_boat":10,"minecraft:granite":2,"minecraft:bone_meal":7,"minecraft:emerald":10,"minecraft:bread":1,"minecraft:spruce_leaves":2,"minecraft:charcoal":2,"minecraft:coarse_dirt":5,"minecraft:chicken":1,"minecraft:ladder":3,"minecraft:brown_mushroom":5,"minecraft:moss_carpet":16,"minecraft:stone_stairs":1,"minecraft:flint_and_steel":1,"variantvanillablocks:spruce_crafting_table":8,"minecraft:beef":6,"minecraft:player_head":3,"travelersbackpack:black_sleeping_bag":1,"minecraft:spruce_slab":55,"minecraft:lectern":2,"minecraft:sugar_cane":8,"minecraft:chest":2,"minecraft:raw_iron":13,"minecraft:spruce_fence":20,"minecraft:carrot":3,"minecraft:dark_oak_planks":1,"minecraft:arrow":2,"minecraft:pumpkin_pie":8,"minecraft:beetroot_seeds":4,"minecraft:peony":1,"variantvanillablocks:spruce_chest":3,"minecraft:hay_block":19,"minecraft:saddle":1,"minecraft:glistering_melon_slice":14,"minecraft:glow_berries":3,"minecraft:white_wool":16,"minecraft:leather":4,"minecraft:red_mushroom":1,"minecraft:mushroom_stew":2,"minecraft:crimson_fungus":32,"minecraft:gunpowder":3,"minecraft:white_banner":1,"minecraft:gray_carpet":2,"minecraft:apple":16,"minecraft:stone_bricks":1,"minecraft:spore_blossom":1,"minecraft:iron_ingot":12,"minecraft:glass_bottle":8,"minecraft:flowering_azalea":8,"minecraft:dark_oak_stairs":1,"minecraft:book":150,"minecraft:sweet_berries":15,"minecraft:torchflower_seeds":6,"minecraft:gravel":8,"minecraft:amethyst_shard":12,"minecraft:spruce_sapling":25,"minecraft:red_banner":3,"minecraft:blast_furnace":11,"minecraft:white_bed":5,"minecraft:spruce_log":394,"minecraft:stone_axe":1,"tombstone:magic_scroll":2,"minecraft:damaged_anvil":2,"minecraft:coal":96},"minecraft:crafted":{"minecraft:cooked_chicken":1,"minecraft:glass":36,"minecraft:iron_boots":1,"minecraft:stone_hoe":2,"minecraft:cooked_porkchop":2,"variantvanillablocks:spruce_crafting_table":6,"minecraft:spruce_planks":532,"minecraft:wooden_pickaxe":1,"minecraft:iron_helmet":1,"travelersbackpack:standard":1,"minecraft:iron_chestplate":1,"minecraft:charcoal":10,"minecraft:shield":2,"minecraft:stick":44,"minecraft:iron_pickaxe":2,"minecraft:iron_ingot":60,"minecraft:gold_ingot":28,"minecraft:shears":1,"minecraft:raw_iron":18,"minecraft:coal":45,"minecraft:furnace":3,"minecraft:bone_meal":9,"variantvanillablocks:spruce_chest":8,"travelersbackpack:white_sleeping_bag":2,"minecraft:iron_axe":3,"minecraft:spruce_slab":384,"minecraft:stone_pickaxe":2,"minecraft:spruce_boat":2,"minecraft:wheat":126,"travelersbackpack:backpack_tank":6,"minecraft:iron_sword":2,"minecraft:cooked_salmon":1,"minecraft:bucket":1,"minecraft:stone_axe":4,"minecraft:bread":44,"minecraft:air":0,"minecraft:raw_gold":18,"minecraft:iron_shovel":1,"minecraft:white_bed":2,"minecraft:torch":128},"minecraft:used":{"minecraft:moss_block":59,"minecraft:moss_carpet":15,"minecraft:iron_shovel":259,"minecraft:spruce_slab":273,"minecraft:shield":13,"minecraft:chest":1,"minecraft:iron_sword":64,"minecraft:player_head":2,"minecraft:rotten_flesh":7,"minecraft:iron_chestplate":1,"minecraft:spruce_leaves":2,"minecraft:axolotl_bucket":3,"minecraft:spruce_boat":9,"variantvanillablocks:spruce_crafting_table":12,"minecraft:stone_brick_stairs":1,"minecraft:sweet_berries":8,"minecraft:furnace":6,"minecraft:damaged_anvil":1,"minecraft:stone_pickaxe":152,"minecraft:wooden_pickaxe":3,"minecraft:composter":1,"tombstone:scroll_of_true_sight":1,"minecraft:glow_berries":2,"minecraft:mushroom_stew":1,"minecraft:blast_furnace":1,"minecraft:shears":2,"minecraft:bread":27,"minecraft:gravel":1,"variantvanillablocks:spruce_chest":7,"minecraft:smithing_table":1,"minecraft:coarse_dirt":5,"minecraft:bone_meal":16,"minecraft:azalea":4,"minecraft:flint_and_steel":7,"minecraft:tropical_fish":1,"minecraft:spruce_planks":357,"minecraft:stone_hoe":112,"minecraft:cooked_chicken":1,"minecraft:torch":91,"minecraft:dirt":264,"minecraft:dark_oak_planks":1,"minecraft:flowering_azalea":2,"minecraft:iron_axe":477,"minecraft:iron_boots":1,"tombstone:gift":3,"minecraft:cooked_beef":1,"minecraft:iron_leggings":1,"minecraft:wheat_seeds":23,"minecraft:water_bucket":73,"minecraft:bundle":1,"minecraft:glass_bottle":2,"minecraft:white_bed":6,"minecraft:cake":1,"minecraft:spruce_log":1,"minecraft:iron_pickaxe":61,"minecraft:spruce_sapling":17,"minecraft:stone_axe":528,"minecraft:cobblestone":9,"minecraft:potion":6,"travelersbackpack:standard":1,"minecraft:cooked_porkchop":10,"minecraft:white_banner":1,"minecraft:porkchop":2,"minecraft:red_banner":1,"minecraft:bucket":78},"minecraft:broken":{"minecraft:iron_shovel":1,"minecraft:stone_pickaxe":1,"minecraft:stone_axe":5,"minecraft:iron_axe":2},"minecraft:mined":{"minecraft:dark_oak_planks":10,"minecraft:waxed_cut_copper_slab":1,"minecraft:spruce_planks":184,"minecraft:white_bed":7,"minecraft:red_nether_bricks":1,"minecraft:cave_vines_plant":1,"minecraft:granite":2,"minecraft:grass_block":78,"minecraft:coal_block":5,"minecraft:composter":1,"minecraft:spawner":5,"minecraft:iron_ore":13,"minecraft:fire":18,"minecraft:moss_carpet":4,"variantvanillablocks:spruce_chest":3,"minecraft:dark_oak_stairs":1,"minecraft:cave_vines":2,"minecraft:dirt_path":1,"minecraft:azalea":2,"travelersbackpack:black_sleeping_bag":1,"minecraft:white_banner":1,"minecraft:stripped_mangrove_wood":1,"minecraft:player_head":2,"minecraft:spruce_slab":39,"minecraft:brown_mushroom":4,"minecraft:polished_deepslate_stairs":1,"minecraft:torch":1,"minecraft:blast_furnace":7,"minecraft:calcite":20,"minecraft:chest":2,"minecraft:cobblestone":1,"minecraft:sugar_cane":3,"minecraft:damaged_anvil":2,"minecraft:wall_torch":3,"minecraft:cauldron":2,"minecraft:stone_stairs":1,"minecraft:wheat":7,"minecraft:birch_trapdoor":1,"minecraft:torchflower_crop":6,"minecraft:jukebox":1,"minecraft:stone_brick_stairs":1,"minecraft:grass":11,"minecraft:sand":37,"minecraft:dirt":69,"minecraft:ladder":3,"minecraft:spruce_fence":10,"minecraft:spruce_leaves":4,"minecraft:moss_block":55,"minecraft:large_fern":1,"minecraft:hay_block":14,"minecraft:spruce_sapling":4,"minecraft:furnace":4,"minecraft:waxed_oxidized_cut_copper_slab":1,"minecraft:peony":1,"minecraft:bookshelf":51,"variantvanillablocks:spruce_crafting_table":8,"minecraft:stone":68,"minecraft:podzol":83,"minecraft:smithing_table":1,"minecraft:flowering_azalea":1,"minecraft:red_banner":1,"minecraft:crafting_table":1,"minecraft:lectern":1,"minecraft:campfire":1,"minecraft:tall_grass":6,"minecraft:diorite":1,"minecraft:spruce_stairs":2,"minecraft:black_stained_glass":2,"epicpaladins:bloodstone_ore":3,"minecraft:sweet_berry_bush":4,"minecraft:spruce_log":341,"minecraft:birch_leaves":3,"minecraft:red_wall_banner":1,"minecraft:coal_ore":68,"minecraft:gravel":7,"minecraft:cyan_carpet":2,"minecraft:cracked_stone_bricks":1,"minecraft:stone_bricks":1,"minecraft:mossy_stone_bricks":1,"minecraft:gold_ore":1,"minecraft:fern":5},"minecraft:killed_by":{"man:managgresive":1,"minecraft:player":2},"minecraft:custom":{"minecraft:interact_with_crafting_table":56,"minecraft:open_barrel":58,"goblintraders:trade_with_goblin":35,"minecraft:eat_cake_slice":2,"minecraft:leave_game":1,"minecraft:time_since_death":244340,"minecraft:sprint_one_cm":387247,"minecraft:damage_blocked_by_shield":395,"minecraft:drop":68,"minecraft:talked_to_villager":1,"minecraft:play_time":278284,"minecraft:deaths":3,"minecraft:jump":3270,"minecraft:walk_on_water_one_cm":49049,"minecraft:interact_with_furnace":61,"minecraft:sleep_in_bed":15,"minecraft:damage_dealt":27894,"minecraft:player_kills":1,"minecraft:crouch_one_cm":108495,"tombstone:undead_killed":78,"tombstone:villager_killed":1,"minecraft:mob_kills":100,"minecraft:climb_one_cm":500,"minecraft:walk_one_cm":593885,"minecraft:sneak_time":29052,"minecraft:walk_under_water_one_cm":66301,"minecraft:boat_one_cm":297751,"minecraft:total_world_time":278284,"minecraft:pot_flower":1,"minecraft:time_since_rest":4545,"minecraft:damage_taken":2498,"minecraft:swim_one_cm":51370,"minecraft:fly_one_cm":548191,"minecraft:open_chest":147,"minecraft:fall_one_cm":70891}},"DataVersion":3465}