{"stats":{"minecraft:mined":{"minecraft:dark_oak_planks":2,"minecraft:spruce_planks":2,"minecraft:dark_oak_fence":6,"minecraft:red_sand":1,"minecraft:grass_block":2,"minecraft:spruce_fence":9,"slenderman:slenderman_note_8":1,"minecraft:spruce_leaves":126,"minecraft:fire":1,"minecraft:black_carpet":1,"minecraft:dark_oak_stairs":1,"minecraft:bookshelf":1,"minecraft:dirt_path":2,"variantvanillablocks:spruce_crafting_table":2,"irons_spellbooks:inscription_table":1,"minecraft:stone":11,"minecraft:player_head":1,"minecraft:spruce_slab":20,"minecraft:stone_brick_slab":1,"minecraft:red_banner":1,"minecraft:lectern":3,"minecraft:tall_grass":41,"minecraft:wall_torch":4,"minecraft:spruce_stairs":1,"minecraft:purple_bed":1,"minecraft:wheat":2,"minecraft:spruce_log":242,"minecraft:grass":51,"minecraft:coal_ore":17,"minecraft:gravel":2,"minecraft:dirt":3,"minecraft:gray_carpet":1,"minecraft:cracked_stone_bricks":1,"minecraft:stone_bricks":1,"minecraft:fern":6},"minecraft:used":{"tombstone:scroll_of_unstable_intangibility":3,"minecraft:red_sand":1,"minecraft:spruce_slab":222,"minecraft:spruce_planks":16,"minecraft:shield":21,"minecraft:iron_sword":123,"minecraft:torch":1,"minecraft:dirt":4,"minecraft:spruce_stairs":1,"minecraft:spruce_fence":216,"minecraft:spruce_boat":3,"variantvanillablocks:spruce_crafting_table":3,"minecraft:dark_oak_planks":1,"minecraft:lava_bucket":27,"minecraft:iron_axe":353,"minecraft:light_gray_wool":1,"minecraft:goat_horn":2,"tombstone:gift":4,"minecraft:egg":1,"minecraft:cooked_beef":6,"minecraft:dark_oak_stairs":1,"minecraft:water_bucket":55,"minecraft:gray_carpet":1,"minecraft:white_wool":1,"minecraft:shears":117,"minecraft:spruce_log":6,"minecraft:bread":40,"minecraft:iron_pickaxe":32,"minecraft:suspicious_stew":2,"tombstone:grave_key":1,"minecraft:gravel":1,"minecraft:stone_axe":16,"minecraft:purple_bed":1,"minecraft:cobblestone":3,"minecraft:potion":1,"variantvanillablocks:spruce_chest":2,"minecraft:cooked_porkchop":2,"minecraft:bucket":84},"minecraft:killed_by":{"siren_head:siren_head_crawl_had_to_make_seprate_entity_for_this_ver":1,"slenderman:slenderman":1},"minecraft:dropped":{"minecraft:enchanted_book":2,"minecraft:iron_ingot":11,"minecraft:wheat_seeds":11,"minecraft:cooked_beef":10,"minecraft:glass_bottle":2,"minecraft:diamond":4,"minecraft:cooked_porkchop":3,"slenderman:slender_book":2,"minecraft:book":3,"minecraft:golden_apple":1,"minecraft:emerald":7,"irons_spellbooks:scroll":1,"minecraft:ink_sac":1,"minecraft:coast_armor_trim_smithing_template":2,"tombstone:grave_dust":1,"minecraft:iron_axe":1,"minecraft:iron_pickaxe":1,"minecraft:spruce_sapling":1,"minecraft:gravel":1,"minecraft:stone_axe":1,"minecraft:blaze_rod":2,"minecraft:bowl":2,"minecraft:blaze_powder":2,"minecraft:name_tag":1,"minecraft:spruce_fence":2,"tombstone:scroll_of_unstable_intangibility":1,"extermination:scrap_metal":4,"minecraft:filled_map":1,"minecraft:leather_chestplate":1,"minecraft:spruce_boat":1,"minecraft:spruce_planks":56,"minecraft:leather_boots":1,"minecraft:stone_pickaxe":1},"minecraft:picked_up":{"minecraft:redstone_lamp":1,"minecraft:enchanted_book":1,"minecraft:potion":1,"minecraft:brewing_stand":1,"minecraft:shield":1,"minecraft:iron_axe":1,"variantvanillablocks:spruce_crafting_table":2,"minecraft:red_sand":1,"tombstone:scroll_of_unstable_intangibility":1,"minecraft:spruce_planks":2,"minecraft:beef":8,"minecraft:spruce_slab":28,"minecraft:iron_pickaxe":1,"minecraft:light_gray_wool":1,"minecraft:lectern":3,"irons_spellbooks:inscription_table":1,"minecraft:egg":1,"minecraft:stick":11,"minecraft:torch":4,"minecraft:spruce_stairs":1,"minecraft:spruce_fence":5,"extermination:scrap_metal":4,"minecraft:dark_oak_planks":2,"slenderman:slender_book":2,"minecraft:arrow":2,"minecraft:rotten_flesh":9,"minecraft:mutton":2,"minecraft:blaze_powder":3,"minecraft:white_wool":2,"minecraft:cobblestone":9,"minecraft:cooked_beef":16,"alexsmobs:bison_fur":3,"alexsmobs:bear_fur":1,"minecraft:oak_log":2,"minecraft:dirt":7,"minecraft:name_tag":1,"minecraft:cooked_mutton":2,"minecraft:bone":1,"minecraft:gray_carpet":1,"minecraft:wheat_seeds":20,"minecraft:iron_ingot":27,"minecraft:mossy_stone_bricks":3,"minecraft:glass_bottle":1,"minecraft:dark_oak_stairs":1,"minecraft:book":3,"minecraft:cooked_porkchop":5,"minecraft:gravel":2,"minecraft:spruce_sapling":19,"minecraft:red_banner":1,"minecraft:ink_sac":1,"minecraft:spruce_log":219,"minecraft:spider_eye":1,"minecraft:purple_bed":1,"minecraft:diamond":3,"minecraft:spruce_boat":2,"minecraft:soul_lantern":2,"minecraft:painting":2,"minecraft:golden_apple":1,"minecraft:bread":30,"minecraft:coal":17,"minecraft:spruce_leaves":91,"minecraft:ender_pearl":1},"minecraft:crafted":{"minecraft:spruce_fence":213,"variantvanillablocks:spruce_chest":2,"minecraft:iron_boots":1,"minecraft:iron_axe":2,"tombstone:grave_key":2,"minecraft:spruce_slab":372,"minecraft:stone_pickaxe":1,"minecraft:spruce_boat":2,"variantvanillablocks:spruce_crafting_table":1,"minecraft:spruce_planks":596,"minecraft:iron_helmet":1,"minecraft:iron_sword":1,"minecraft:bucket":2,"minecraft:iron_chestplate":1,"minecraft:stick":180,"minecraft:iron_ingot":1,"minecraft:iron_pickaxe":1,"minecraft:iron_leggings":1,"minecraft:shears":1},"minecraft:custom":{"minecraft:interact_with_smithing_table":1,"minecraft:mob_kills":11,"minecraft:interact_with_crafting_table":29,"minecraft:open_barrel":16,"minecraft:interact_with_campfire":8,"minecraft:bell_ring":1,"minecraft:eat_cake_slice":1,"minecraft:leave_game":4,"minecraft:time_since_death":68968,"minecraft:climb_one_cm":450,"minecraft:sprint_one_cm":250383,"minecraft:walk_one_cm":486849,"minecraft:damage_blocked_by_shield":660,"minecraft:drop":56,"minecraft:talked_to_villager":1,"minecraft:play_time":178504,"minecraft:deaths":3,"minecraft:sneak_time":7904,"minecraft:walk_under_water_one_cm":104807,"minecraft:boat_one_cm":661061,"minecraft:interact_with_lectern":1,"minecraft:jump":2610,"minecraft:interact_with_blast_furnace":2,"minecraft:walk_on_water_one_cm":57984,"minecraft:total_world_time":178504,"minecraft:interact_with_furnace":2,"minecraft:interact_with_grindstone":3,"minecraft:sleep_in_bed":3,"minecraft:time_since_rest":18546,"minecraft:damage_taken":3619,"minecraft:damage_dealt":3046,"minecraft:swim_one_cm":54787,"minecraft:fly_one_cm":301461,"minecraft:open_chest":67,"minecraft:crouch_one_cm":23758,"tombstone:undead_killed":3,"minecraft:fall_one_cm":67920},"minecraft:broken":{"minecraft:iron_axe":1},"minecraft:killed":{"minecraft:spider":1,"minecraft:skeleton":1,"alexsmobs:bison":2,"extermination:tripod_body":1,"minecraft:husk":1,"minecraft:pig":2,"minecraft:sheep":2,"minecraft:zombie":1}},"DataVersion":3465}