{"stats":{"minecraft:mined":{"minecraft:dark_oak_planks":2,"minecraft:spruce_planks":2,"minecraft:red_sand":1,"minecraft:spruce_fence":6,"slenderman:slenderman_note_8":1,"minecraft:fire":1,"minecraft:black_carpet":1,"minecraft:dark_oak_stairs":1,"minecraft:bookshelf":1,"minecraft:dirt_path":2,"variantvanillablocks:spruce_crafting_table":2,"irons_spellbooks:inscription_table":1,"minecraft:stone":11,"minecraft:player_head":1,"minecraft:stone_brick_slab":1,"minecraft:red_banner":1,"minecraft:lectern":3,"minecraft:tall_grass":39,"minecraft:spruce_stairs":1,"minecraft:purple_bed":1,"minecraft:wheat":2,"minecraft:spruce_log":17,"minecraft:grass":44,"minecraft:coal_ore":17,"minecraft:gravel":1,"minecraft:dirt":1,"minecraft:gray_carpet":1,"minecraft:cracked_stone_bricks":1,"minecraft:stone_bricks":1},"minecraft:used":{"tombstone:scroll_of_unstable_intangibility":3,"minecraft:red_sand":1,"minecraft:spruce_planks":16,"minecraft:shield":17,"minecraft:iron_sword":99,"minecraft:spruce_stairs":1,"minecraft:spruce_boat":2,"variantvanillablocks:spruce_crafting_table":1,"minecraft:lava_bucket":20,"minecraft:iron_axe":22,"minecraft:light_gray_wool":1,"tombstone:gift":4,"minecraft:cooked_beef":4,"minecraft:dark_oak_stairs":1,"minecraft:water_bucket":13,"minecraft:gray_carpet":1,"minecraft:white_wool":1,"minecraft:bread":20,"minecraft:iron_pickaxe":32,"minecraft:suspicious_stew":2,"minecraft:stone_axe":16,"minecraft:cobblestone":3,"minecraft:potion":1,"minecraft:cooked_porkchop":2,"minecraft:bucket":35},"minecraft:killed_by":{"siren_head:siren_head_crawl_had_to_make_seprate_entity_for_this_ver":1,"slenderman:slenderman":1},"minecraft:dropped":{"minecraft:enchanted_book":2,"minecraft:iron_ingot":11,"minecraft:wheat_seeds":11,"minecraft:cooked_beef":10,"minecraft:glass_bottle":2,"minecraft:diamond":1,"minecraft:cooked_porkchop":3,"slenderman:slender_book":2,"minecraft:book":3,"minecraft:golden_apple":1,"minecraft:emerald":7,"irons_spellbooks:scroll":1,"minecraft:coast_armor_trim_smithing_template":2,"tombstone:grave_dust":1,"minecraft:iron_axe":1,"minecraft:iron_pickaxe":1,"minecraft:spruce_sapling":1,"minecraft:gravel":1,"minecraft:stone_axe":1,"minecraft:blaze_rod":2,"minecraft:bowl":2,"minecraft:blaze_powder":2,"minecraft:name_tag":1,"minecraft:spruce_fence":2,"tombstone:scroll_of_unstable_intangibility":1,"extermination:scrap_metal":4,"minecraft:filled_map":1,"minecraft:leather_chestplate":1,"minecraft:spruce_boat":1,"minecraft:spruce_planks":56,"minecraft:leather_boots":1,"minecraft:stone_pickaxe":1},"minecraft:picked_up":{"minecraft:redstone_lamp":1,"minecraft:enchanted_book":1,"minecraft:potion":1,"minecraft:brewing_stand":1,"minecraft:shield":1,"minecraft:iron_axe":1,"variantvanillablocks:spruce_crafting_table":2,"minecraft:red_sand":1,"tombstone:scroll_of_unstable_intangibility":1,"minecraft:spruce_planks":2,"minecraft:beef":8,"minecraft:iron_pickaxe":1,"minecraft:light_gray_wool":1,"minecraft:lectern":3,"irons_spellbooks:inscription_table":1,"minecraft:stick":4,"minecraft:spruce_stairs":1,"minecraft:spruce_fence":2,"extermination:scrap_metal":4,"minecraft:dark_oak_planks":2,"slenderman:slender_book":2,"minecraft:rotten_flesh":7,"minecraft:mutton":2,"minecraft:blaze_powder":3,"minecraft:white_wool":2,"minecraft:cobblestone":9,"minecraft:cooked_beef":16,"alexsmobs:bison_fur":3,"minecraft:oak_log":2,"minecraft:dirt":3,"minecraft:name_tag":1,"minecraft:cooked_mutton":2,"minecraft:gray_carpet":1,"minecraft:wheat_seeds":15,"minecraft:iron_ingot":27,"minecraft:mossy_stone_bricks":3,"minecraft:glass_bottle":1,"minecraft:dark_oak_stairs":1,"minecraft:book":3,"minecraft:cooked_porkchop":5,"minecraft:gravel":1,"minecraft:spruce_sapling":1,"minecraft:red_banner":1,"minecraft:spruce_log":15,"minecraft:purple_bed":1,"minecraft:spruce_boat":2,"minecraft:soul_lantern":2,"minecraft:painting":2,"minecraft:golden_apple":1,"minecraft:bread":30,"minecraft:coal":17,"minecraft:ender_pearl":1},"minecraft:crafted":{"minecraft:iron_boots":1,"minecraft:iron_axe":1,"tombstone:grave_key":1,"minecraft:stone_pickaxe":1,"minecraft:spruce_boat":1,"minecraft:spruce_planks":60,"minecraft:iron_helmet":1,"minecraft:iron_sword":1,"minecraft:bucket":2,"minecraft:iron_chestplate":1,"minecraft:stick":8,"minecraft:iron_pickaxe":1,"minecraft:iron_leggings":1},"minecraft:custom":{"minecraft:interact_with_smithing_table":1,"minecraft:mob_kills":8,"minecraft:interact_with_crafting_table":10,"minecraft:open_barrel":16,"minecraft:interact_with_campfire":8,"minecraft:bell_ring":1,"minecraft:eat_cake_slice":1,"minecraft:time_since_death":46488,"minecraft:climb_one_cm":450,"minecraft:sprint_one_cm":138922,"minecraft:walk_one_cm":313295,"minecraft:damage_blocked_by_shield":545,"minecraft:drop":52,"minecraft:play_time":103847,"minecraft:deaths":2,"minecraft:sneak_time":1143,"minecraft:walk_under_water_one_cm":65568,"minecraft:boat_one_cm":457076,"minecraft:interact_with_lectern":1,"minecraft:jump":1550,"minecraft:interact_with_blast_furnace":2,"minecraft:walk_on_water_one_cm":30498,"minecraft:total_world_time":103847,"minecraft:interact_with_furnace":1,"minecraft:interact_with_grindstone":3,"minecraft:sleep_in_bed":1,"minecraft:time_since_rest":46218,"minecraft:damage_taken":2325,"minecraft:damage_dealt":2355,"minecraft:swim_one_cm":34966,"minecraft:fly_one_cm":155485,"minecraft:open_chest":32,"minecraft:crouch_one_cm":2262,"tombstone:undead_killed":1,"minecraft:fall_one_cm":33161},"minecraft:killed":{"alexsmobs:bison":2,"extermination:tripod_body":1,"minecraft:husk":1,"minecraft:pig":2,"minecraft:sheep":2}},"DataVersion":3465}