{"stats":{"minecraft:mined":{"minecraft:stone_brick_slab":1,"minecraft:spruce_fence":6,"minecraft:lectern":3,"slenderman:slenderman_note_8":1,"minecraft:tall_grass":39,"minecraft:fire":1,"minecraft:wheat":2,"minecraft:spruce_log":17,"minecraft:black_carpet":1,"minecraft:grass":43,"minecraft:coal_ore":5,"minecraft:dirt_path":2,"minecraft:dirt":1,"variantvanillablocks:spruce_crafting_table":2,"minecraft:gravel":1,"minecraft:cracked_stone_bricks":1,"irons_spellbooks:inscription_table":1,"minecraft:stone":2},"minecraft:used":{"tombstone:scroll_of_unstable_intangibility":3,"minecraft:water_bucket":8,"minecraft:spruce_planks":2,"minecraft:shield":14,"minecraft:iron_sword":52,"minecraft:white_wool":1,"minecraft:spruce_boat":2,"variantvanillablocks:spruce_crafting_table":1,"minecraft:lava_bucket":4,"minecraft:iron_axe":13,"minecraft:bread":18,"minecraft:iron_pickaxe":9,"minecraft:light_gray_wool":1,"minecraft:stone_axe":16,"minecraft:cobblestone":3,"minecraft:bucket":14,"tombstone:gift":4,"minecraft:cooked_beef":2},"minecraft:killed_by":{"siren_head:siren_head_crawl_had_to_make_seprate_entity_for_this_ver":1,"slenderman:slenderman":1},"minecraft:dropped":{"minecraft:gravel":1,"minecraft:enchanted_book":2,"minecraft:iron_ingot":11,"minecraft:stone_axe":1,"minecraft:wheat_seeds":11,"minecraft:cooked_beef":10,"minecraft:blaze_rod":2,"minecraft:diamond":1,"slenderman:slender_book":2,"minecraft:blaze_powder":2,"minecraft:name_tag":1,"minecraft:spruce_fence":2,"tombstone:scroll_of_unstable_intangibility":1,"minecraft:golden_apple":1,"extermination:scrap_metal":4,"minecraft:emerald":7,"minecraft:filled_map":1,"irons_spellbooks:scroll":1,"minecraft:spruce_planks":56,"minecraft:coast_armor_trim_smithing_template":2,"minecraft:stone_pickaxe":1,"minecraft:iron_pickaxe":1,"minecraft:spruce_sapling":1},"minecraft:picked_up":{"minecraft:cooked_beef":16,"minecraft:redstone_lamp":1,"minecraft:enchanted_book":1,"alexsmobs:bison_fur":3,"minecraft:oak_log":2,"minecraft:brewing_stand":1,"minecraft:shield":1,"minecraft:dirt":3,"minecraft:name_tag":1,"variantvanillablocks:spruce_crafting_table":2,"minecraft:cooked_mutton":2,"minecraft:wheat_seeds":14,"tombstone:scroll_of_unstable_intangibility":1,"minecraft:iron_ingot":27,"minecraft:beef":8,"minecraft:iron_pickaxe":1,"minecraft:mossy_stone_bricks":3,"minecraft:light_gray_wool":1,"minecraft:lectern":3,"irons_spellbooks:inscription_table":1,"minecraft:stick":4,"minecraft:spruce_fence":2,"minecraft:gravel":1,"minecraft:spruce_sapling":1,"extermination:scrap_metal":4,"minecraft:spruce_log":15,"slenderman:slender_book":2,"minecraft:soul_lantern":2,"minecraft:spruce_boat":1,"minecraft:golden_apple":1,"minecraft:bread":30,"minecraft:mutton":2,"minecraft:coal":5,"minecraft:white_wool":2,"minecraft:blaze_powder":3,"minecraft:ender_pearl":1},"minecraft:crafted":{"minecraft:spruce_planks":60,"minecraft:iron_helmet":1,"minecraft:iron_sword":1,"minecraft:bucket":2,"minecraft:iron_boots":1,"minecraft:iron_chestplate":1,"minecraft:iron_axe":1,"tombstone:grave_key":1,"minecraft:stick":8,"minecraft:iron_pickaxe":1,"minecraft:stone_pickaxe":1,"minecraft:iron_leggings":1,"minecraft:spruce_boat":1},"minecraft:custom":{"minecraft:interact_with_smithing_table":1,"minecraft:interact_with_furnace":1,"minecraft:mob_kills":5,"minecraft:interact_with_crafting_table":10,"minecraft:open_barrel":10,"minecraft:interact_with_campfire":8,"minecraft:time_since_death":22488,"minecraft:sleep_in_bed":1,"minecraft:climb_one_cm":450,"minecraft:time_since_rest":22218,"minecraft:sprint_one_cm":115925,"minecraft:damage_taken":1746,"minecraft:walk_one_cm":207059,"minecraft:damage_blocked_by_shield":500,"minecraft:drop":37,"minecraft:damage_dealt":1230,"minecraft:swim_one_cm":32916,"minecraft:fly_one_cm":135604,"minecraft:open_chest":29,"minecraft:crouch_one_cm":1721,"minecraft:play_time":79847,"minecraft:deaths":2,"minecraft:sneak_time":1030,"minecraft:walk_under_water_one_cm":51794,"minecraft:boat_one_cm":417486,"minecraft:interact_with_lectern":1,"minecraft:jump":1081,"minecraft:walk_on_water_one_cm":25102,"minecraft:total_world_time":79847,"minecraft:fall_one_cm":24415},"minecraft:killed":{"minecraft:sheep":2,"alexsmobs:bison":2,"extermination:tripod_body":1}},"DataVersion":3465}